,health index,MA_health index
0,0.9504470825195312,0.9504470825195312
1,0.9616486430168152,0.9616486430168152
2,0.9599229097366333,0.9599229097366333
3,0.9723766446113586,0.9723766446113586
4,0.9655259251594543,0.9655259251594543
5,0.9695591330528259,0.9619842410087586
6,0.9442690014839172,0.9658066511154175
7,0.9503799080848694,0.9623307228088379
8,0.9568998217582703,0.9604221224784851
9,0.9326629042625427,0.9573267579078675
10,0.9276127219200134,0.9507541537284852
11,0.9802905321121216,0.9423648715019226
12,0.9741918444633484,0.9495691776275634
13,0.9053983688354492,0.9543315649032593
14,0.9613603949546814,0.944031274318695
15,0.9505183696746826,0.9497707724571228
16,0.977222740650177,0.9543519020080566
17,0.9607922434806824,0.9537383437156677
18,0.9593878388404846,0.9510584235191345
19,0.9724544286727905,0.9618563175201416
20,0.9780908823013306,0.9640751242637634
21,0.9827765226364136,0.969589626789093
22,0.9735562205314636,0.9707003831863403
23,0.9721171855926514,0.9732531785964966
24,0.9702024459838867,0.97579904794693
25,0.9804578423500061,0.9753486514091492
26,0.9702712297439575,0.9758220434188842
27,0.964927613735199,0.9733209848403931
28,0.9804770946502686,0.9715952634811401
29,0.9820485711097717,0.9732672452926636
30,0.9753028154373169,0.9756364703178406
31,0.9813461899757385,0.9746054649353028
32,0.9652760624885559,0.976820456981659
33,0.9761819839477539,0.9768901467323303
34,0.9640405774116516,0.9760311245918274
35,0.9849931001663208,0.9724295258522033
36,0.9851190447807312,0.9743675827980042
37,0.9663116931915283,0.9751221537590027
38,0.9739936590194702,0.9753292798995972
39,0.9810357093811035,0.9748916149139404
40,0.9795445799827576,0.9782906413078308
41,0.975980818271637,0.9772009372711181
42,0.9702239632606506,0.9753732919692993
43,0.9606031179428101,0.9761557459831238
44,0.9654410481452942,0.9734776377677917
45,0.948468029499054,0.9703587055206299
46,0.9884023070335388,0.9641433954238892
47,0.9519405961036682,0.9666276931762695
48,0.9682357907295227,0.9629710197448731
49,0.9611769318580627,0.9644975543022156
50,0.9544223546981812,0.9636447310447693
51,0.9631748795509338,0.9648355960845947
52,0.9720502495765686,0.9597901105880737
53,0.9799606204032898,0.9638120412826539
54,0.9863137006759644,0.9661570072174073
55,0.9620242714881897,0.9711843609809876
56,0.9568095803260803,0.9727047443389892
57,0.9628670811653137,0.9714316844940185
58,0.9665806889533997,0.9695950508117676
59,0.967877209186554,0.9669190645217896
60,0.9621317386627197,0.9632317662239075
61,0.9586464762687683,0.9632532596588135
62,0.94317227602005,0.963620638847351
63,0.9461816549301147,0.9596816778182984
64,0.9670712351799011,0.9556018710136414
65,0.9749252796173096,0.9554406762123108
66,0.9759179353713989,0.9579993844032287
67,0.9510521292686462,0.9614536762237549
68,0.9584879279136658,0.9630296468734741
69,0.9686073064804077,0.9654909014701843
70,0.97801274061203,0.9657981157302856
71,0.9427319765090942,0.9664156079292298
72,0.9739221930503845,0.9597784161567688
73,0.9763547778129578,0.9643524289131165
74,0.9574068188667297,0.9679257988929748
75,0.9719897508621216,0.9656857013702392
76,0.9447633028030396,0.9644811034202576
77,0.9643982648849487,0.9648873686790467
78,0.9637539386749268,0.9629825830459595
79,0.9371373653411865,0.9604624152183533
80,0.8677087426185608,0.9564085245132447
81,0.9676980972290039,0.9355523228645325
82,0.9656806588172913,0.9401392817497254
83,0.9664397239685059,0.9403957605361939
84,0.9760737419128418,0.9409329175949097
85,0.9515760540962219,0.9487201929092407
86,0.9705909490585327,0.9654936552047729
87,0.9694430232048035,0.9660722255706787
88,0.9748900532722473,0.9668246984481812
89,0.9604645371437073,0.9685147643089295
90,0.9764599204063416,0.9653929233551025
91,0.9766026735305786,0.9703696966171265
92,0.9612118005752563,0.9715720415115356
93,0.9705764651298523,0.9699257969856262
94,0.968299150466919,0.9690630793571472
95,0.9645319581031799,0.9706300020217895
96,0.9685716032981873,0.9682444095611572
97,0.942097544670105,0.966638195514679
98,0.9726594686508179,0.9628153443336487
99,0.9528599381446838,0.9632319450378418
100,0.9606196284294128,0.9601441025733948
101,0.9549531936645508,0.9593616366386414
102,0.9695931673049927,0.956637954711914
103,0.9505383968353271,0.9621370792388916
104,0.9574785232543945,0.9577128648757934
105,0.893549919128418,0.9586365818977356
106,0.9642183184623718,0.9452226400375366
107,0.9687917828559875,0.9470756649971008
108,0.9695554375648499,0.9469153881072998
109,0.9777995944023132,0.9507187962532043
110,0.9420448541641235,0.9547830104827881
111,0.945356011390686,0.9644819974899292
112,0.9598835706710815,0.9607095360755921
113,0.9706065654754639,0.9589278936386109
114,0.9491932392120361,0.9591381192207337
115,0.9586270451545715,0.9534168481826782
116,0.9308177828788757,0.9567332863807678
117,0.9441315531730652,0.9538256406784058
118,0.9836648106575012,0.9506752371788025
119,0.9467473030090332,0.95328688621521
120,0.9591893553733826,0.9527976989746094
121,0.9667802453041077,0.9529101610183716
122,0.9747785329818726,0.960102653503418
123,0.9644845128059387,0.9662320494651795
124,0.918064296245575,0.962395989894867
125,0.9514481425285339,0.9566593885421752
126,0.9671275615692139,0.9551111459732056
127,0.962191641330719,0.9551806092262268
128,0.9660861492156982,0.9526632308959961
129,0.9644697904586792,0.952983558177948
130,0.9774171113967896,0.9622646570205688
131,0.9473010897636414,0.96745845079422
132,0.9470939636230469,0.9634931564331055
133,0.9634358286857605,0.9604736208915711
134,0.9374209642410278,0.9599435567855835
135,0.9360848069190979,0.9545337915420532
136,0.9250438213348389,0.9462673306465149
137,0.9535883665084839,0.9418158769607544
138,0.9383045434951782,0.9431147575378418
139,0.9261963963508606,0.9380885004997254
140,0.9573997259140015,0.9358435869216919
141,0.9421068429946899,0.9401065707206726
142,0.9618605375289917,0.9435191750526428
143,0.9575498700141907,0.9451736092567444
144,0.9558629393577576,0.9490226745605469
145,0.9431307911872864,0.9549559831619263
146,0.9738234877586365,0.9521021962165832
147,0.9781643152236938,0.9584455251693725
148,0.9302904009819031,0.961706280708313
149,0.9392331838607788,0.9562543869018555
150,0.9520930051803589,0.9529284358024597
151,0.9763920903205872,0.9547208786010742
152,0.9662136435508728,0.9552345991134643
153,0.9605173468589783,0.9528444647789002
154,0.9657527804374695,0.9588898539543151
155,0.9488050937652588,0.9641937732696533
156,0.9774318933486938,0.9635361909866333
157,0.9666028618812561,0.9637441515922547
158,0.9581839442253113,0.9638219952583313
159,0.9462065100669861,0.9633553147315979
160,0.9441978931427002,0.9594460606575013
161,0.9527269005775452,0.9585246205329895
162,0.928574800491333,0.9535836219787598
163,0.9482672214508057,0.9459780097007752
164,0.9648545980453491,0.943994665145874
165,0.9313961267471313,0.9477242827415466
166,0.9608525633811951,0.9451639294624329
167,0.9467803239822388,0.9467890620231628
168,0.955205500125885,0.950430166721344
169,0.9584233164787292,0.9518178224563598
170,0.9575877785682678,0.9505315661430359
171,0.9236379265785217,0.9557698965072632
172,0.9521474838256836,0.9483269691467285
173,0.9500610828399658,0.9494004011154175
174,0.9752224683761597,0.9483715176582337
175,0.9410248398780823,0.9517313480377197
176,0.9126830697059631,0.9484187602996826
177,0.9653420448303223,0.9462277889251709
178,0.968379557132721,0.9488667011260986
179,0.9643964767456055,0.9525303959846496
180,0.9552195072174072,0.9503651976585388
181,0.9483267068862915,0.9532041311264038
182,0.9410784840583801,0.9603328585624695
183,0.9452452063560486,0.9554801464080811
184,0.9741063117980957,0.9508532762527466
185,0.9488510489463806,0.9527952432632446
186,0.9594568610191345,0.9515215516090393
187,0.9129668474197388,0.9537475824356079
188,0.9252608418464661,0.9481252551078796
189,0.9628216624259949,0.9441283822059632
190,0.937838613986969,0.941871452331543
191,0.9272002577781677,0.9396689653396606
192,0.9501280188560486,0.9332176446914673
193,0.9686506986618042,0.9406498789787292
194,0.9547941088676453,0.9493278503417969
195,0.9611716270446777,0.947722339630127
196,0.967045247554779,0.9523889422416687
197,0.9297779202461243,0.960357940196991
198,0.9397910833358765,0.9562879204750061
199,0.9297567009925842,0.9505159974098205
200,0.9413153529167175,0.9455085158348083
201,0.9727590680122375,0.9415372610092163
202,0.9730709195137024,0.942680025100708
203,0.9177415370941162,0.9513386249542236
204,0.9492310285568237,0.9469287157058716
205,0.9532325863838196,0.9508235812187195
206,0.9508950710296631,0.9532070279121398
207,0.9447047710418701,0.948834228515625
208,0.945200502872467,0.9431609988212586
209,0.9538843631744385,0.9486527919769288
210,0.9586213827133179,0.9495834589004517
211,0.917259931564331,0.9506612181663513
212,0.9613822102546692,0.943934190273285
213,0.9541022181510925,0.9472696781158447
214,0.9523969888687134,0.9490500211715698
215,0.949994683265686,0.9487525463104248
216,0.9369261264801025,0.9470272064208984
217,0.9557077288627625,0.9509604454040528
218,0.924507737159729,0.9498255491256714
219,0.9425710439682007,0.9439066529273987
220,0.915579080581665,0.9419414639472962
221,0.8929663300514221,0.935058343410492
222,0.9496778249740601,0.9262663841247558
223,0.9060660600662231,0.9250604033470153
224,0.9297195076942444,0.9213720679283142
225,0.9686859250068665,0.9188017606735229
226,0.9433903098106384,0.9294231295585632
227,0.8928355574607849,0.9395079255104065
228,0.9317595362663269,0.9281394720077515
229,0.9293337464332581,0.9332781672477722
230,0.9656716585159302,0.933201014995575
231,0.9601019024848938,0.9325981616973877
232,0.9459255933761597,0.9359404802322387
233,0.943500280380249,0.9465584874153137
234,0.920325756072998,0.9489066362380981
235,0.9301993250846863,0.9471050381660462
236,0.9263241291046143,0.9400105714797974
237,0.9177271723747253,0.9332550168037415
238,0.9298725128173828,0.9276153326034546
239,0.953217089176178,0.9248897790908813
240,0.8864613771438599,0.9314680457115173
241,0.9164596199989319,0.9227204561233521
242,0.9529744386672974,0.9207475543022156
243,0.9393608570098877,0.92779700756073
244,0.9382572174072266,0.929694676399231
245,0.9043582081794739,0.9267027020454407
246,0.9448364973068237,0.9302820682525634
247,0.9506289958953857,0.9359574437141418
248,0.9204704165458679,0.9354883551597595
249,0.9407193660736084,0.9317102670669556
250,0.9084632396697998,0.9322026968002319
251,0.9429281949996948,0.9330237030982971
252,0.9534381031990051,0.9326420426368713
253,0.9308039546012878,0.9332038640975953
254,0.9415279030799866,0.9352705717086792
255,0.9531306624412537,0.9354322791099549
256,0.9641602635383606,0.9443657636642456
257,0.8612391352653503,0.9486121773719788
258,0.9462950229644775,0.9301723837852478
259,0.9042187333106995,0.9332705974578858
260,0.9647793769836426,0.9258087635040283
261,0.911283016204834,0.9281385064125061
262,0.9527425765991211,0.9175630569458008
263,0.9435752034187317,0.9358637452125549
264,0.9290153384208679,0.9353197813034058
265,0.9257415533065796,0.9402791023254394
266,0.8668440580368042,0.9324715375900269
267,0.8913747072219849,0.9235837459564209
268,0.9196549654006958,0.9113101720809936
269,0.920455276966095,0.9065261244773865
270,0.8936768174171448,0.9048141121864319
271,0.9502752423286438,0.8984011650085449
272,0.9431502819061279,0.9150874018669128
273,0.9123249650001526,0.9254425168037415
274,0.922748327255249,0.9239765167236328
275,0.8750770092010498,0.9244351267814637
276,0.9516083002090454,0.9207151651382446
277,0.9463372826576233,0.9209817767143249
278,0.9553359150886536,0.921619176864624
279,0.9357380270957947,0.9302213668823243
280,0.8993397951126099,0.9328193068504333
281,0.9001748561859131,0.9376718640327454
282,0.9383407831192017,0.9273851752281189
283,0.9107117652893066,0.9257858753204345
284,0.9374476671218872,0.9168610453605652
285,0.910323441028595,0.9172029733657837
286,0.863244891166687,0.9193997025489807
287,0.940294086933136,0.9120137095451355
288,0.92073655128479,0.9124043703079223
289,0.9443318843841553,0.9144093275070191
290,0.9139060378074646,0.9157861709594727
291,0.9407106041908264,0.9165026903152466
292,0.9607744216918945,0.9319958329200745
293,0.9014872908592224,0.9360918998718262
294,0.9286870360374451,0.9322420477867126
295,0.933603048324585,0.9291130781173706
296,0.9221500158309937,0.9330524802207947
297,0.9415148496627808,0.9293403625488281
298,0.9128499627113342,0.9254884481430053
299,0.9506102800369263,0.9277609825134278
300,0.909641444683075,0.932145631313324
301,0.9437432289123535,0.927353310585022
302,0.9027724862098694,0.9316719532012939
303,0.9323521256446838,0.9239234805107117
304,0.881519079208374,0.9278239130973815
305,0.8675332069396973,0.9140056729316711
306,0.7932789921760559,0.9055840253829956
307,0.8655145168304443,0.8754911780357361
308,0.9326590895652771,0.868039584159851
309,0.951616644859314,0.8681009769439697
310,0.9234781861305237,0.8821204900741577
311,0.9479893445968628,0.893309485912323
312,0.9518464803695679,0.9242515563964844
313,0.9430208206176758,0.9415179491043091
314,0.8149203062057495,0.9435902953147888
315,0.9132616519927979,0.916251027584076
316,0.9307244420051575,0.9142077207565308
317,0.9140735864639282,0.9107547402381897
318,0.9537304639816284,0.9032001614570617
319,0.9151123762130737,0.9053420901298523
320,0.9526075720787048,0.9253805041313171
321,0.9326770901679993,0.9332496881484985
322,0.9461121559143066,0.9336402177810669
323,0.9165080785751343,0.9400479316711425
324,0.9708231091499329,0.9326034545898437
325,0.9500391483306885,0.9437456011772156
326,0.9570969343185425,0.9432319164276123
327,0.8749179840087891,0.948115885257721
328,0.9401811957359314,0.9338770508766174
329,0.9121925234794617,0.9386116743087769
330,0.8846268653869629,0.9268855571746826
331,0.9183641076087952,0.9138031005859375
332,0.9246546030044556,0.906056535243988
333,0.9119067192077637,0.9160038590431213
334,0.9133642911911011,0.9103489637374877
335,0.8996059894561768,0.9105833172798157
336,0.8908799290657043,0.9135791420936584
337,0.8652665615081787,0.9080823063850403
338,0.9300701022148132,0.896204698085785
339,0.9576994180679321,0.8998373746871948
340,0.9168427586555481,0.908704400062561
341,0.8975037932395935,0.9121517539024353
342,0.9436277151107788,0.9134765267372131
343,0.9334971308708191,0.9291487574577332
344,0.9312445521354675,0.9298341631889343
345,0.9452906847000122,0.9245431900024415
346,0.955022931098938,0.9302327752113342
347,0.8649677634239197,0.9417366027832031
348,0.9308585524559021,0.9260046124458313
349,0.8514306545257568,0.925476896762848
350,0.9163519144058228,0.9095141172409058
351,0.9407246112823486,0.9037263631820679
352,0.8490338325500488,0.90086669921875
353,0.8555632829666138,0.8976799130439759
354,0.8424535989761353,0.8826208591461182
355,0.907006561756134,0.8808254480361939
356,0.8666711449623108,0.8789563775062561
357,0.9120163917541504,0.8641456842422486
358,0.9120030999183655,0.8767421960830688
359,0.8991541266441345,0.8880301594734192
360,0.9463372826576233,0.899370265007019
361,0.9275093674659729,0.9072364091873169
362,0.9265842437744141,0.9194040536880493
363,0.8932977318763733,0.922317624092102
364,0.9274187088012695,0.9185765504837036
365,0.8529865741729736,0.9242294669151306
366,0.9065690636634827,0.9055593252182007
367,0.9276328682899475,0.9013712644577027
368,0.927270770072937,0.9015809893608093
369,0.9447720050811768,0.908375597000122
370,0.9105400443077087,0.9118462562561035
371,0.8898419141769409,0.9233569502830505
372,0.9381240010261536,0.9200115203857422
373,0.9693731069564819,0.9221097469329834
374,0.9251132011413574,0.9305302143096924
375,0.9049614667892456,0.9265984535217285
376,0.9123185873031616,0.9254827380180359
377,0.9305119514465332,0.92997807264328
378,0.9142783284187317,0.9284556627273559
379,0.9393115043640137,0.917436707019806
380,0.8571807146072388,0.9202763676643372
381,0.8515221476554871,0.9107202172279358
382,0.833009660243988,0.8985609292984009
383,0.914113461971283,0.8790604710578919
384,0.9080798029899597,0.879027497768402
385,0.9159643054008484,0.8727811574935913
386,0.9158908128738403,0.8845378756523132
387,0.9172195196151733,0.8974116086959839
388,0.9157909154891968,0.914253580570221
389,0.8969945907592773,0.9145890712738037
390,0.9053385257720947,0.9123720288276672
391,0.9345220327377319,0.9102468729019165
392,0.8632392883300781,0.9139731168746948
393,0.9042220115661621,0.9031770706176758
394,0.9331846833229065,0.9008632898330688
395,0.843999981880188,0.9081013083457947
396,0.9489330649375916,0.8958335995674134
397,0.9158686995506287,0.8987158060073852
398,0.9313128590583801,0.9092416882514953
399,0.9349977374076843,0.914659857749939
400,0.9334885478019714,0.9150224685668945
401,0.9218488335609436,0.9329201817512512
402,0.8940737843513489,0.9275033354759217
403,0.9209263920783997,0.9231443524360656
404,0.8881728649139404,0.9210670590400696
405,0.8715787529945374,0.9117020845413208
406,0.8666876554489136,0.899320125579834
407,0.9155190587043762,0.888287889957428
408,0.9603713154792786,0.8925769448280334
409,0.91224604845047,0.9004659295082093
410,0.8908138871192932,0.9052805662155151
411,0.9208889007568359,0.9091275930404663
412,0.9160512089729309,0.9199678421020507
413,0.9282416701316833,0.9200742721557618
414,0.9185804724693298,0.9136483430862427
415,0.8892709016799927,0.9149152278900147
416,0.8701009154319763,0.9146066308021545
417,0.8203086853027344,0.9044490337371827
418,0.8795783519744873,0.8853005290031433
419,0.8921669721603394,0.8755678653717041
420,0.9298350214958191,0.870285165309906
421,0.8492462038993835,0.8783979892730713
422,0.8180538415908813,0.8742270469665527
423,0.9222977757453918,0.8737760782241821
424,0.9160802364349365,0.882319962978363
425,0.8898574709892273,0.8871026158332824
426,0.8976506590843201,0.8791071057319642
427,0.9058346152305603,0.8887879967689514
428,0.8941220045089722,0.9063441514968872
429,0.8738426566123962,0.9007089972496033
430,0.868672788143158,0.8922614812850952
431,0.9310535192489624,0.8880245447158813
432,0.8542282581329346,0.8947051167488098
433,0.9463502764701843,0.8843838453292847
434,0.902292013168335,0.8948294997215271
435,0.9301977753639221,0.9005193710327148
436,0.8998440504074097,0.9128243684768677
437,0.8719866275787354,0.9065824747085571
438,0.8931013345718384,0.9101341485977172
439,0.9358571767807007,0.8994843602180481
440,0.9037725329399109,0.9061973929405213
441,0.9011979103088379,0.900912344455719
442,0.8608137965202332,0.9011831164360047
443,0.8448055386543274,0.8989485502243042
444,0.8668511509895325,0.889289391040802
445,0.9318223595619202,0.8754881858825684
446,0.8083158135414124,0.8810981512069702
447,0.9169856905937195,0.8625217318534851
448,0.8576591610908508,0.8737561106681824
449,0.9125986099243164,0.876326835155487
450,0.8633729219436646,0.8854763269424438
451,0.9105890989303589,0.8717864394187927
452,0.7951332330703735,0.892241096496582
453,0.8984859585762024,0.8678706049919128
454,0.9254271984100342,0.8760359644889831
455,0.8084428906440735,0.8786016821861267
456,0.927473783493042,0.8676156759262085
457,0.8355554342269897,0.8709926128387451
458,0.8075519800186157,0.8790770530700683
459,0.8854497075080872,0.8608902573585511
460,0.9094814658164978,0.8528947591781616
461,0.8355854749679565,0.8731024742126465
462,0.9075021743774414,0.8547248125076294
463,0.8590360283851624,0.8691141605377197
464,0.9228466749191284,0.8794109702110291
465,0.847819983959198,0.8868903636932373
466,0.8684152364730835,0.8745580673217773
467,0.828790009021759,0.8811240196228027
468,0.9563426971435547,0.8653815865516663
469,0.823872983455658,0.8848429203033448
470,0.8954879641532898,0.8650481820106506
471,0.8639953136444092,0.874581778049469
472,0.962068498134613,0.8736977934837341
473,0.8582503199577332,0.9003534913063049
474,0.877987802028656,0.8807350158691406
475,0.9240983128547668,0.8915579795837403
476,0.8366551399230957,0.8972800493240356
477,0.8502046465873718,0.891812014579773
478,0.8645369410514832,0.8694392442703247
479,0.836504340171814,0.8706965684890747
480,0.9297718405723572,0.8623998761177063
481,0.9337850213050842,0.8635345816612243
482,0.8725935816764832,0.8829605579376221
483,0.867500901222229,0.8874383449554444
484,0.8571375608444214,0.8880311369895935
485,0.873894989490509,0.892157781124115
486,0.8341689109802246,0.8809824109077453
487,0.8986753821372986,0.8610591888427734
488,0.8349264860153198,0.8662755489349365
489,0.8832678198814392,0.8597606658935547
490,0.8258885741233826,0.8649867177009583
491,0.8393996357917786,0.8553854346275329
492,0.8577548861503601,0.8564315795898437
493,0.8524112701416016,0.848247480392456
494,0.8377403020858765,0.8517444372177124
495,0.7722477316856384,0.8426389336585999
496,0.6800447702407837,0.831910765171051
497,0.9095801115036011,0.8000397920608521
498,0.81028151512146,0.8104048371315002
499,0.8948888778686523,0.8019788861274719
500,0.8747329115867615,0.8134086012840271
501,0.9051490426063538,0.8339056372642517
502,0.908859133720398,0.8789264917373657
503,0.8526535034179688,0.8787822961807251
504,0.90776526927948,0.8872566938400268
505,0.8699696063995361,0.8898319721221923
506,0.7495564818382263,0.8888793110847473
507,0.9219743013381958,0.8577607989311218
508,0.8066479563713074,0.8603838324546814
509,0.8927474617958069,0.8511827230453491
510,0.8793388605117798,0.8481791615486145
511,0.8540099859237671,0.8500530123710632
512,0.8901232481002808,0.8709437131881714
513,0.8658587336540222,0.8645735025405884
514,0.8890284895896912,0.8764156579971314
515,0.7841922044754028,0.8756718635559082
516,0.8191686272621155,0.8566425323486329
517,0.9063042402267456,0.8496742606163025
518,0.7542625665664673,0.8529104590415955
519,0.9027857780456543,0.8305912256240845
520,0.8312033414840698,0.833342683315277
521,0.892333984375,0.8427449107170105
522,0.8288255333900452,0.8573779821395874
523,0.8929507732391357,0.8418822407722473
524,0.8220073580741882,0.869619882106781
525,0.8167325854301453,0.8534641981124877
526,0.913298487663269,0.8505700469017029
527,0.8778966665267944,0.8547629475593567
528,0.9035705327987671,0.8645771741867065
529,0.8910722136497498,0.8667011260986328
530,0.7978662848472595,0.8805140972137451
531,0.8737117648124695,0.876740837097168
532,0.870671272277832,0.8688234925270081
533,0.7687908411026001,0.8673784136772156
534,0.8687688708305359,0.8404224753379822
535,0.8643025159835815,0.8359618067741394
536,0.8948695063591003,0.8492490530014039
537,0.8550508618354797,0.85348060131073
538,0.869641125202179,0.8503565192222595
539,0.9355576038360596,0.8705265760421753
540,0.8906780481338501,0.88388432264328
541,0.8983986973762512,0.8891594290733338
542,0.864219605922699,0.889865267276764
543,0.901630699634552,0.8916990160942078
544,0.888286828994751,0.8980969309806823
545,0.9035753011703491,0.8886427760124207
546,0.8772029280662537,0.8912222266197205
547,0.8228742480278015,0.8869830727577209
548,0.8982527256011963,0.8787140011787414
549,0.8296888470649719,0.8780384063720703
550,0.817568302154541,0.8663188099861145
551,0.8228293061256409,0.8491174101829528
552,0.8473267555236816,0.8382426857948303
553,0.8626771569252014,0.8431331872940063
554,0.7743931412696838,0.8360180735588074
555,0.9286305904388428,0.8249589323997497
556,0.8907012343406677,0.8471713900566101
557,0.884423017501831,0.8607457756996155
558,0.7982317805290222,0.8681650280952453
559,0.897366464138031,0.8552759528160095
560,0.8236056566238403,0.879870617389679
561,0.8318923115730286,0.8588656306266784
562,0.8749415278434753,0.8471038460731506
563,0.8538088798522949,0.8452075481414795
564,0.8267269134521484,0.856322968006134
565,0.9239012002944946,0.8421950578689575
566,0.8995056748390198,0.8622541666030884
567,0.8819934725761414,0.8757768392562866
568,0.8391225337982178,0.8771872282028198
569,0.7965285778045654,0.8742499589920044
570,0.899730920791626,0.8682102918624878
571,0.8805707693099976,0.863376235961914
572,0.8547185063362122,0.8595892548561096
573,0.891822099685669,0.8541342616081238
574,0.8733299374580383,0.864674174785614
575,0.7964017391204834,0.8800344467163086
576,0.9230534434318542,0.8593686103820801
577,0.8761686086654663,0.8678651452064514
578,0.8371133804321289,0.8721551656723022
579,0.9370309114456177,0.8612134218215942
580,0.8335142135620117,0.8739536166191101
581,0.841571569442749,0.8813761115074158
582,0.9143612384796143,0.8650797367095947
583,0.8723642826080322,0.8727182626724244
584,0.8434819579124451,0.8797684431076049
585,0.7989912033081055,0.8610586524009705
586,0.8615536093711853,0.8541540503501892
587,0.9240990281105042,0.8581504583358764
588,0.7295420169830322,0.8600980162620544
589,0.9052544236183167,0.8315335631370544
590,0.9012275338172913,0.8438880562782287
591,0.920781135559082,0.8643353223800659
592,0.9085519909858704,0.8761808276176453
593,0.8894815444946289,0.8730714201927186
594,0.8869690299034119,0.9050593256950379
595,0.8337011337280273,0.9014022469520568
596,0.8530893325805664,0.8878969669342041
597,0.8209266662597656,0.8743586063385009
598,0.8422699570655823,0.85683354139328
599,0.8065743446350098,0.8473912239074707
600,0.8361585736274719,0.8313122868537903
601,0.914600133895874,0.8318037748336792
602,0.8273328542709351,0.8441059350967407
603,0.8965796232223511,0.8453871726989746
604,0.8749933242797852,0.8562491059303283
605,0.8801371455192566,0.8699329018592834
606,0.7731605768203735,0.8787286162376404
607,0.8685315847396851,0.8504407048225403
608,0.8588024377822876,0.8586804509162903
609,0.8389275074005127,0.8511250138282775
610,0.8852915167808533,0.8439118504524231
611,0.8309034705162048,0.8449427247047424
612,0.9149177074432373,0.8564913034439087
613,0.837661862373352,0.8657685279846191
614,0.848089873790741,0.861540412902832
615,0.8444421291351318,0.8633728861808777
616,0.8866894245147705,0.8552030086517334
617,0.8359360098838806,0.8663601994514465
618,0.8772458434104919,0.8505638599395752
619,0.883757472038269,0.8584806561470032
620,0.8364894390106201,0.8656141757965088
621,0.9170191884040833,0.8640236377716064
622,0.888645350933075,0.870089590549469
623,0.8538842797279358,0.8806314587593078
624,0.8512279391288757,0.8759591460227967
625,0.7943090200424194,0.869453239440918
626,0.7911147475242615,0.8610171556472779
627,0.9008378386497498,0.8358362674713135
628,0.7852315306663513,0.8382747650146485
629,0.7832770347595215,0.8245442152023316
630,0.878352701663971,0.8109540343284607
631,0.8765602707862854,0.827762770652771
632,0.8086367249488831,0.8448518753051758
633,0.8894927501678467,0.8264116525650025
634,0.844427764415741,0.8472638964653015
635,0.851093053817749,0.8594940423965454
636,0.7895868420600891,0.854042112827301
637,0.8690011501312256,0.8366474270820617
638,0.8319783210754395,0.8487203121185303
639,0.8544467687606812,0.8372174263000488
640,0.8454511761665344,0.8392212271690369
641,0.8641515970230103,0.838092851638794
642,0.8741836547851562,0.8530058026313782
643,0.761335551738739,0.8540423035621643
644,0.862336277961731,0.8399137496948242
645,0.7910158634185791,0.8414916515350341
646,0.8918455243110657,0.8306045889854431
647,0.7915264368057251,0.8361433744430542
648,0.8692865967750549,0.819611930847168
649,0.9191330075263977,0.8412021398544312
650,0.7795615196228027,0.8525614857673645
651,0.6810285449028015,0.8502706170082093
652,0.7076912522315979,0.8081072211265564
653,0.7934296727180481,0.7913401842117309
654,0.8322586417198181,0.7761687994003296
655,0.6877279281616211,0.7587939262390136
656,0.7893272638320923,0.7404272079467773
657,0.8056542873382568,0.7620869517326355
658,0.8920137882232666,0.7816795587539673
659,0.87669837474823,0.8013963818550109
660,0.8200664520263672,0.8102843284606933
661,0.7566123008728027,0.8367520332336426
662,0.7503024339675903,0.8302090406417847
663,0.9061275124549866,0.8191386699676514
664,0.7624610066413879,0.8219614148139953
665,0.8478450775146484,0.7991139411926269
666,0.8829330205917358,0.8046696662902832
667,0.778140664100647,0.8299338102340699
668,0.8173888325691223,0.8355014562606812
669,0.8099457621574402,0.8177537202835083
670,0.8295369744300842,0.8272506713867187
671,0.9118456840515137,0.8235890507698059
672,0.8577117323875427,0.8293715834617614
673,0.864417314529419,0.8452857971191406
674,0.8556962013244629,0.8546914935112
675,0.8164684176445007,0.8638415813446045
676,0.8805487155914307,0.8612278699874878
677,0.8448193073272705,0.8549684762954712
678,0.806154727935791,0.8523899912834167
679,0.7994140386581421,0.8407374739646911
680,0.820263147354126,0.829481041431427
681,0.8299038410186768,0.830239987373352
682,0.844203770160675,0.8201110124588012
683,0.9257631301879883,0.8199879050254821
684,0.8225930333137512,0.8439095854759217
685,0.7878149747848511,0.8485453844070434
686,0.835424542427063,0.8420557498931884
687,0.811924397945404,0.8431598901748657
688,0.8092247247695923,0.8367040157318115
689,0.7305022478103638,0.8133963346481323
690,0.8432218432426453,0.7949781775474548
691,0.8074990510940552,0.8060595512390136
692,0.8748204708099365,0.8004744529724122
693,0.8771458268165588,0.8130536675453186
694,0.7975713014602661,0.8266378879547119
695,0.9259552955627441,0.8400516986846924
696,0.7607150077819824,0.8565983891487121
697,0.8869377970695496,0.8472415804862976
698,0.7755440473556519,0.8496650457382202
699,0.7448887825012207,0.8293446898460388
700,0.8193100094795227,0.8188081860542298
701,0.8610347509384155,0.7974791288375854
702,0.8182494044303894,0.8175430774688721
703,0.7927215695381165,0.8038053989410401
704,0.7203845977783203,0.807240903377533
705,0.8296685814857483,0.8023400664329529
706,0.8725818395614624,0.804411780834198
707,0.8356239199638367,0.8067211985588074
708,0.85886549949646,0.8101961016654968
709,0.8201823234558105,0.8234248876571655
710,0.7669187784194946,0.8433844327926636
711,0.7771477103233337,0.8308344721794129
712,0.7739571332931519,0.8117476463317871
713,0.7940062880516052,0.7994142889976501
714,0.7494269013404846,0.7864424467086792
715,0.9158986806869507,0.772291362285614
716,0.851651668548584,0.8020873427391052
717,0.8271486163139343,0.8169881343841553
718,0.741316556930542,0.8276264309883118
719,0.8107625246047974,0.8170884847640991
720,0.6923555731773376,0.8293556094169616
721,0.8504646420478821,0.7846469879150391
722,0.883246660232544,0.7844095826148987
723,0.8562313318252563,0.7956291913986206
724,0.8373308181762695,0.8186121463775635
725,0.8458272218704224,0.8239258050918579
726,0.9035306572914124,0.8546201348304748
727,0.8831074237823486,0.8652333378791809
728,0.9083568453788757,0.8652054905891419
729,0.8998684883117676,0.8756305932998657
730,0.8336116075515747,0.8881381273269653
731,0.8556631207466125,0.8856950044631958
732,0.7085986137390137,0.8761214971542358
733,0.8416219353675842,0.8412197351455688
734,0.8588541746139526,0.8278727531433105
735,0.7828067541122437,0.8196698904037476
736,0.85736083984375,0.8095089197158813
737,0.8626750111579895,0.8098484635353088
738,0.7912954688072205,0.840663743019104
739,0.7755934596061707,0.8305984497070312
740,0.7944028377532959,0.8139463067054749
741,0.7533582448959351,0.8162655234336853
742,0.8362523913383484,0.7954650044441223
743,0.8346372246742249,0.7901804804801941
744,0.7511214017868042,0.798848831653595
745,0.8077349066734314,0.7939544200897217
746,0.8832231760025024,0.7966208338737488
747,0.793958842754364,0.8225938200950622
748,0.9044061899185181,0.8141351103782654
749,0.8100974559783936,0.828088903427124
750,0.8518235087394714,0.8398841142654419
751,0.7991321086883545,0.8487018346786499
752,0.8634442687034607,0.8318836212158203
753,0.8042386770248413,0.8457807064056396
754,0.8856146335601807,0.8257472038269043
755,0.7408919334411621,0.8408506393432618
756,0.810539960861206,0.8186643242835998
757,0.8432372212409973,0.8209458947181701
758,0.8171738386154175,0.8169044852256775
759,0.8892519474029541,0.8194915175437927
760,0.8707088828086853,0.8202189803123474
761,0.8565961122512817,0.8461823701858521
762,0.8308404684066772,0.8553936004638671
763,0.8590512275695801,0.8529142498970032
764,0.9126514792442322,0.8612897276878357
765,0.9124476909637451,0.8659696340560913
766,0.9056974649429321,0.8743173956871033
767,0.7570891380310059,0.8841376662254333
768,0.8067217469215393,0.869387400150299
769,0.8820982575416565,0.8589215040206909
770,0.7683184146881104,0.8528108596801758
771,0.8570297360420227,0.8239850044250489
772,0.809404730796814,0.8142514586448669
773,0.7835217714309692,0.8247145771980285
774,0.7976892590522766,0.8200745820999146
775,0.7372927069664001,0.8031927824020386
776,0.7894895672798157,0.7969876408576966
777,0.7315039038658142,0.7834796071052551
778,0.8521419167518616,0.7678994417190552
779,0.8448436260223389,0.7816234707832337
780,0.813795268535614,0.7910543441772461
781,0.9275715351104736,0.8063548564910888
782,0.8566657304763794,0.8339712500572205
783,0.729124903678894,0.8590036153793335
784,0.8083208203315735,0.83440021276474
785,0.7961384057998657,0.8270956516265869
786,0.8255830407142639,0.8235642790794373
787,0.8447344899177551,0.8031665802001953
788,0.7796100974082947,0.8007803320884704
789,0.7655189633369446,0.8108773708343506
790,0.6813721656799316,0.8023169994354248
791,0.7903379797935486,0.779363751411438
792,0.7617352604866028,0.7723147392272949
793,0.8179182410240173,0.7557148933410645
794,0.790408730506897,0.763376522064209
795,0.8867276906967163,0.7683544754981995
796,0.8257496953010559,0.8094255805015564
797,0.8053154945373535,0.8165079236030579
798,0.8801156878471375,0.825223970413208
799,0.8240115642547607,0.8376634597778321
800,0.9251715540885925,0.8443840265274047
801,0.7699629664421082,0.85207279920578
802,0.8274383544921875,0.8409154534339904
803,0.8470880389213562,0.8453400254249572
804,0.8223724961280823,0.8387344956398011
805,0.8173465132713318,0.8384066820144653
806,0.893273115158081,0.8168416738510131
807,0.8897933959960938,0.8415037035942078
808,0.7997695207595825,0.853974711894989
809,0.770876407623291,0.8445110082626343
810,0.9190447926521301,0.834211790561676
811,0.7709053158760071,0.8545514464378356
812,0.8359593749046326,0.8300778865814209
813,0.798913836479187,0.8193110823631287
814,0.8196390867233276,0.8191399455070496
815,0.8223367929458618,0.8288924813270568
816,0.8174031376838684,0.8095508813858032
817,0.7722245454788208,0.8188504457473755
818,0.7448877692222595,0.8061034798622131
819,0.7848709225654602,0.7952982664108277
820,0.8181942105293274,0.7883446335792541
821,0.8226420879364014,0.7875161170959473
822,0.8428009152412415,0.7885639071464539
823,0.7933891415596008,0.802679181098938
824,0.8050764203071594,0.8123794555664062
825,0.773120641708374,0.8164205551147461
826,0.7998932600021362,0.8074058413505554
827,0.784259021282196,0.8028560757637024
828,0.9001017212867737,0.7911476969718934
829,0.818486213684082,0.8124902129173279
830,0.7618460655212402,0.8151721715927124
831,0.7938922047615051,0.8129172563552857
832,0.7929103970527649,0.8117170453071594
833,0.8098345398902893,0.8134473204612732
834,0.7595857381820679,0.7953938841819763
835,0.8159252405166626,0.7836137890815735
836,0.8175910711288452,0.794429624080658
837,0.8628848195075989,0.799169397354126
838,0.9022154808044434,0.8131642818450928
839,0.8346849679946899,0.8316404700279236
840,0.8383919596672058,0.846660315990448
841,0.8710363507270813,0.8511536598205567
842,0.8390172123908997,0.8618427157402039
843,0.8341596722602844,0.857069194316864
844,0.7837331891059875,0.8434580326080322
845,0.8664306998252869,0.8332676768302918
846,0.7783380150794983,0.8388754248619079
847,0.8141002058982849,0.8203357577323913
848,0.7623597979545593,0.8153523564338684
849,0.7904794216156006,0.8009923815727233
850,0.8154984712600708,0.802341628074646
851,0.8691418766975403,0.7921551823616028
852,0.7428492307662964,0.8103159546852112
853,0.770674467086792,0.7960657596588134
854,0.792134702205658,0.79772869348526
855,0.8613319993019104,0.7980597496032715
856,0.7813955545425415,0.8072264552116394
857,0.7762279510498047,0.7896771907806397
858,0.8993859887123108,0.7963529348373413
859,0.8304781317710876,0.8220952391624451
860,0.8102166652679443,0.829763925075531
861,0.8246915936470032,0.8195408582687378
862,0.7370867729187012,0.8282000660896301
863,0.8111531734466553,0.8203718304634094
864,0.8980998992919922,0.8027252674102783
865,0.8801672458648682,0.8162496209144592
866,0.7519547343254089,0.830239737033844
867,0.7647812366485596,0.8156923651695251
868,0.880571186542511,0.8212312579154968
869,0.7919004559516907,0.835114860534668
870,0.7842149138450623,0.8138749718666076
871,0.8112603425979614,0.7946845054626465
872,0.8370015025138855,0.8065456271171569
873,0.8264008164405823,0.8209896802902221
874,0.8192461729049683,0.8101556062698364
875,0.6485205292701721,0.8156247496604919
876,0.7699906826019287,0.788485872745514
877,0.8846216797828674,0.7802319407463074
878,0.786864161491394,0.7897559762001037
879,0.730136513710022,0.7818486452102661
880,0.8220528364181519,0.7640267133712768
881,0.8199931383132935,0.7987331748008728
882,0.8059444427490234,0.8087336659431458
883,0.7529755234718323,0.792998218536377
884,0.8547525405883789,0.7862204909324646
885,0.7830374240875244,0.811143696308136
886,0.7775082588195801,0.8033406138420105
887,0.8085488080978394,0.7948436379432678
888,0.7509559988975525,0.795364511013031
889,0.7003915309906006,0.7949606060981751
890,0.7456202507019043,0.7640884041786193
891,0.8053777813911438,0.7566049695014954
892,0.8160763382911682,0.7621788740158081
893,0.8516474962234497,0.7636843800544739
894,0.7843024730682373,0.7838226795196533
895,0.7727198600769043,0.8006048679351807
896,0.85958331823349,0.8060247898101807
897,0.8562805652618408,0.8168658971786499
898,0.7867732644081116,0.8249067425727844
899,0.7154671549797058,0.8119318962097168
900,0.8250422477722168,0.7981648325920105
901,0.6508850455284119,0.808629310131073
902,0.7524836659431458,0.7668896555900574
903,0.8078929781913757,0.7461302757263184
904,0.767285943031311,0.7503542184829712
905,0.7344281673431396,0.7607179760932923
906,0.7074528336524963,0.7425951600074768
907,0.6886061429977417,0.7539087176322937
908,0.7476009726524353,0.7411332130432129
909,0.7663871049880981,0.7290748119354248
910,0.6768736243247986,0.7288950443267822
911,0.8254781365394592,0.717384135723114
912,0.6765451431274414,0.7409891963005066
913,0.7688376903533936,0.7385769963264466
914,0.7900516390800476,0.7428243398666382
915,0.7436255812644958,0.7475572466850281
916,0.7716094851493835,0.7609076380729676
917,0.6692550778388977,0.7501339077949524
918,0.829431414604187,0.7486758947372436
919,0.7945178151130676,0.7607946395874023
920,0.7421488761901855,0.7616878747940063
921,0.860568106174469,0.7613925337791443
922,0.6376011967658997,0.7791842579841614
923,0.7290630340576172,0.7728534817695618
924,0.7225608825683594,0.7527798056602478
925,0.7754046320915222,0.7383884191513062
926,0.7888540625572205,0.7450395703315735
927,0.7562355399131775,0.7306967616081238
928,0.6844594478607178,0.7544236302375793
929,0.882627546787262,0.7455029129981995
930,0.6714586019515991,0.77751624584198
931,0.7306568026542664,0.7567270398139954
932,0.8115675449371338,0.7450875878334046
933,0.7205502986907959,0.7561539888381958
934,0.836468517780304,0.7633721590042114
935,0.7461464405059814,0.7541403532028198
936,0.8315386176109314,0.7690779209136963
937,0.7746502757072449,0.7892542839050293
938,0.6967992186546326,0.7818708300590516
939,0.7568567395210266,0.7771206140518189
940,0.6637214422225952,0.7611982583999634
941,0.8184635639190674,0.7447132587432861
942,0.8419795036315918,0.7420982480049133
943,0.5563395619392395,0.7555640935897827
944,0.7961956262588501,0.7274721622467041
945,0.7279949188232422,0.7353399395942688
946,0.7670268416404724,0.7481946349143982
947,0.758082389831543,0.7379072904586792
948,0.7008593082427979,0.7211278676986694
949,0.7703015208244324,0.7500318169593811
950,0.8261650204658508,0.7448529958724975
951,0.6341038346290588,0.7644870162010193
952,0.7094413042068481,0.7379024147987365
953,0.7554576396942139,0.7281741976737977
954,0.760608434677124,0.7390938639640808
955,0.7194474339485168,0.7371552467346192
956,0.6397234797477722,0.7158117294311523
957,0.7519931793212891,0.716935658454895
958,0.7649424076080322,0.7254460334777832
959,0.7842153906822205,0.7273429870605469
960,0.71724933385849,0.7320643782615661
961,0.7232372760772705,0.7316247582435608
962,0.7802882194519043,0.7483275175094605
963,0.7200086712837219,0.7539865255355835
964,0.8280649185180664,0.7449997782707214
965,0.5847387313842773,0.7537696838378907
966,0.7092562913894653,0.7272675633430481
967,0.664124071598053,0.724471366405487
968,0.6030600070953369,0.7012385368347168
969,0.5904172658920288,0.6778488039970398
970,0.6577572226524353,0.6303192734718323
971,0.6173891425132751,0.6449229717254639
972,0.6185904145240784,0.6265495419502258
973,0.7505356669425964,0.6174428105354309
974,0.666176438331604,0.6469379425048828
975,0.6615037322044373,0.6620897769927978
976,0.6400102972984314,0.6628390789031983
977,0.6956256628036499,0.6673633098602295
978,0.6902233958244324,0.6827703595161438
979,0.7842803001403809,0.670707905292511
980,0.7962677478790283,0.6943286776542663
981,0.6992183327674866,0.7212814807891845
982,0.7754284739494324,0.7331230878829956
983,0.7158647179603577,0.749083650112152
984,0.7994558811187744,0.7542119145393371
985,0.6707637906074524,0.7572470307350159
986,0.6325552463531494,0.7321462392807007
987,0.829365074634552,0.7188136219978333
988,0.5879113078117371,0.7296009421348572
989,0.6969006061553955,0.704010260105133
990,0.8050483465194702,0.6834992051124573
991,0.79898601770401,0.7103561162948608
992,0.678329348564148,0.743642270565033
993,0.7121779918670654,0.7134351253509521
994,0.7278255820274353,0.7382884621620178
995,0.6451492309570312,0.7444734573364258
996,0.8097985982894897,0.712493634223938
997,0.5949270725250244,0.7146561503410339
998,0.6374218463897705,0.6979756951332092
999,0.7251302003860474,0.6830244660377502
1000,0.6138995885848999,0.6824853897094727
1001,0.6957672834396362,0.6762354612350464
1002,0.6450982689857483,0.6534291982650757
1003,0.7483111023902893,0.6634634375572205
1004,0.7174188494682312,0.6856412887573242
1005,0.5754181742668152,0.684099018573761
1006,0.743141770362854,0.6764027357101441
1007,0.7952103614807129,0.6858776330947876
1008,0.6172837018966675,0.7159000515937806
1009,0.5531829595565796,0.6896945714950562
1010,0.6894132494926453,0.6568473935127258
1011,0.5854868292808533,0.6796464085578918
1012,0.681873619556427,0.6481154203414917
1013,0.7239252328872681,0.6254480719566345
1014,0.7225624322891235,0.6467763781547546
1015,0.7973737716674805,0.6806522727012634
1016,0.7269344925880432,0.7022443771362304
1017,0.6187755465507507,0.7305339097976684
1018,0.5715905427932739,0.7179142951965332
1019,0.7985526323318481,0.6874473571777344
1020,0.6612765789031982,0.7026453971862793
1021,0.7986520528793335,0.6754259586334228
1022,0.6904487013816833,0.6897694706916809
1023,0.7377945780754089,0.7041041016578674
1024,0.6725416779518127,0.7373449087142945
1025,0.5075838565826416,0.7121427178382873
1026,0.5792409777641296,0.681404173374176
1027,0.6365903615951538,0.6375219583511352
1028,0.6390209794044495,0.6267502903938293
1029,0.729184091091156,0.6069955706596375
1030,0.6658056974411011,0.6183240532875061
1031,0.6977464556694031,0.649968421459198
1032,0.7302402257919312,0.6736695170402527
1033,0.6232686042785645,0.6923994898796082
1034,0.6190451383590698,0.6892490148544311
1035,0.5354481935501099,0.6672212243080139
1036,0.5790187120437622,0.6411497235298157
1037,0.6346215605735779,0.6174041748046875
1038,0.5216628909111023,0.5982804417610168
1039,0.7272917032241821,0.5779592990875244
1040,0.7412177324295044,0.5996086120605468
1041,0.49510690569877625,0.6407625198364257
1042,0.7036673426628113,0.6239801585674286
1043,0.6446316838264465,0.6377893149852752
1044,0.7849891781806946,0.6623830735683441
1045,0.6631271839141846,0.6739225685596466
1046,0.7067819237709045,0.6583044588565826
1047,0.6397441625595093,0.7006394624710083
1048,0.710996687412262,0.6878548264503479
1049,0.3812139928340912,0.701127827167511
1050,0.5289076566696167,0.6203727900981904
1051,0.5384186506271362,0.5935288846492768
1052,0.6510993838310242,0.5598562300205231
1053,0.7263860106468201,0.562127274274826
1054,0.7491635680198669,0.5652051389217376
1055,0.6111878156661987,0.6387950539588928
1056,0.6943947672843933,0.6552510857582092
1057,0.6281399726867676,0.6864463090896606
1058,0.6375856399536133,0.6818544268608093
1059,0.6236389875411987,0.664094352722168
1060,0.7975032329559326,0.6389894366264344
1061,0.7257908582687378,0.6762525200843811
1062,0.416655957698822,0.68253173828125
1063,0.5621439218521118,0.6402349352836609
1064,0.5869072079658508,0.6251465916633606
1065,0.5726563930511475,0.617800235748291
1066,0.6486418843269348,0.5728308677673339
1067,0.4005855619907379,0.5574010729789733
1068,0.4657372534275055,0.5541869938373566
1069,0.35892453789711,0.5349056601524353
1070,0.4531577527523041,0.48930912613868716
1071,0.6378148794174194,0.46540939807891846
1072,0.6419435739517212,0.46324399709701536
1073,0.44057583808898926,0.511515599489212
1074,0.7047007083892822,0.5064833164215088
1075,0.5666661858558655,0.5756385505199433
1076,0.5189074873924255,0.5983402371406555
1077,0.6527788639068604,0.5745587587356568
1078,0.526611864566803,0.5767258167266845
1079,0.738980233669281,0.5939330220222473
1080,0.35274338722229004,0.600788927078247
1081,0.4282877743244171,0.558004367351532
1082,0.5994787216186523,0.5398804247379303
1083,0.5836856961250305,0.5292203962802887
1084,0.4662042558193207,0.5406351625919342
1085,0.3839273750782013,0.4860799670219421
1086,0.5563024282455444,0.4923167645931244
1087,0.6875934600830078,0.5179196953773498
1088,0.42519626021385193,0.5355426430702209
1089,0.7996305823326111,0.5038447558879853
1090,0.30696362257003784,0.5705300211906433
1091,0.6792104840278625,0.5551372706890106
1092,0.47489693760871887,0.5797188818454743
1093,0.6340512037277222,0.5371795773506165
1094,0.5135822296142578,0.5789505660533905
1095,0.6479203701019287,0.5217408955097198
1096,0.4338284730911255,0.589932245016098
1097,0.5080536007881165,0.5408558428287507
1098,0.5288568139076233,0.5474871754646301
1099,0.5190419554710388,0.5264482975006104
1100,0.496676504611969,0.5275402426719665
1101,0.6355923414230347,0.49729146957397463
1102,0.412124902009964,0.5376442432403564
1103,0.5797224640846252,0.518458503484726
1104,0.5209056735038757,0.5286316335201263
1105,0.5046495199203491,0.5290043771266937
1106,0.47159990668296814,0.5305989801883697
1107,0.5363613367080688,0.49780049324035647
1108,0.3676019310951233,0.5226477801799774
1109,0.5848153829574585,0.480223673582077
1110,0.36644208431243896,0.4930056154727936
1111,0.3812147378921509,0.46536412835121155
1112,0.6336455345153809,0.4472870945930481
1113,0.7060667276382446,0.4667439341545105
1114,0.7560800909996033,0.5344368934631347
1115,0.591992199420929,0.5686898350715637
1116,0.5950080752372742,0.6137998580932618
1117,0.4526318907737732,0.6565585255622863
1118,0.4217694103717804,0.6203557968139648
1119,0.621021032333374,0.563496333360672
1120,0.5261807441711426,0.5364845216274261
1121,0.5852490663528442,0.5233222305774688
1122,0.3613852858543396,0.5213704288005829
1123,0.5760338306427002,0.5031211078166962
1124,0.3188277781009674,0.5339739918708801
1125,0.4691120982170105,0.4735353410243988
1126,0.5544416308403015,0.46212161183357237
1127,0.5423745512962341,0.45596012473106384
1128,0.47263193130493164,0.49215797781944276
1129,0.40572845935821533,0.47147759795188904
1130,0.5221155881881714,0.4888577342033386
1131,0.6672552824020386,0.4994584321975708
1132,0.3427014648914337,0.5220211625099183
1133,0.4896446466445923,0.4820865452289581
1134,0.32895347476005554,0.48548908829689025
1135,0.4748683273792267,0.4701340913772583
1136,0.4872625172138214,0.46068463921546937
1137,0.6103965640068054,0.42468608617782594
1138,0.40776029229164124,0.4782251060009003
1139,0.4587356150150299,0.46184823513031004
1140,0.431561142206192,0.48780466318130494
1141,0.45541343092918396,0.479143226146698
1142,0.3583835959434509,0.4727734088897705
1143,0.4998062551021576,0.42237081527709963
1144,0.6646969318389893,0.4407800078392029
1145,0.39513280987739563,0.4819722712039948
1146,0.5751410126686096,0.4746866047382355
1147,0.4797840714454651,0.4986321210861206
1148,0.5162587761878967,0.5229122161865234
1149,0.5344541668891907,0.5262027204036712
1150,0.48188069462776184,0.5001541674137115
1151,0.639659583568573,0.5175037443637848
1152,0.642495334148407,0.5304074585437775
1153,0.6537243723869324,0.5629497110843659
1154,0.6278868317604065,0.590442830324173
1155,0.5023226737976074,0.6091293632984162
1156,0.6202097535133362,0.6132177591323853
1157,0.4845365583896637,0.6093277931213379
1158,0.43060022592544556,0.5777360379695893
1159,0.5794904828071594,0.5331112086772919
1160,0.5899024605751038,0.5234319388866424
1161,0.5473229289054871,0.5409478962421417
1162,0.5770881175994873,0.5263705313205719
1163,0.43393394351005554,0.5448808431625366
1164,0.5095052123069763,0.5455475866794586
1165,0.5637043714523315,0.531550532579422
1166,0.39962202310562134,0.5263109147548676
1167,0.5957163572311401,0.49677073359489443
1168,0.5744555592536926,0.500496381521225
1169,0.6670377254486084,0.5286007046699523
1170,0.5423969626426697,0.5601072072982788
1171,0.48808109760284424,0.5558457255363465
1172,0.40849244594573975,0.573537540435791
1173,0.4552459716796875,0.5360927581787109
1174,0.5096012949943542,0.5122508406639099
1175,0.6306484341621399,0.4807635545730591
1176,0.6988915801048279,0.4984138488769531
1177,0.5337153077125549,0.5405759453773499
1178,0.5039868354797363,0.5656205177307129
1179,0.6758691668510437,0.5753686904907227
1180,0.661930501461029,0.6086222648620605
1181,0.4679843485355377,0.6148786783218384
1182,0.41738155484199524,0.5686972320079804
1183,0.49172142148017883,0.5454304814338684
1184,0.5076583623886108,0.5429773986339569
1185,0.556220293045044,0.5093352377414704
1186,0.4434213638305664,0.4881931960582733
1187,0.49051013588905334,0.48328059911727905
1188,0.5001733899116516,0.49790631532669066
1189,0.502597451210022,0.49959670901298525
1190,0.6738075613975525,0.49858452677726744
1191,0.4688047766685486,0.5221019804477691
1192,0.2958524525165558,0.5271786630153656
1193,0.5422871112823486,0.4882471263408661
1194,0.4028490483760834,0.4966698706150055
1195,0.5636472702026367,0.47672019004821775
1196,0.41181156039237976,0.4546881318092346
1197,0.5940541625022888,0.44328948855400085
1198,0.5249589085578918,0.5029298305511475
1199,0.5817241668701172,0.4994641900062561
1200,0.6095057725906372,0.5352392137050629
1201,0.6057290434837341,0.544410914182663
1202,0.39838510751724243,0.5831944108009338
1203,0.4609926640987396,0.5440605998039245
1204,0.39873039722442627,0.5312673509120941
1205,0.3484981656074524,0.49466859698295595
1206,0.5367204546928406,0.442467075586319
1207,0.4283487796783447,0.42866535782814025
1208,0.5156013369560242,0.43465809226036073
1209,0.5195193886756897,0.4455798268318176
1210,0.4844420850276947,0.4697376251220703
1211,0.4737001359462738,0.4969264090061188
1212,0.44705358147621155,0.4843223452568054
1213,0.41495436429977417,0.4880633056163788
1214,0.38333576917648315,0.4679339110851288
1215,0.37662914395332336,0.4406971871852875
1216,0.417527437210083,0.4191345989704132
1217,0.4230337142944336,0.40790005922317507
1218,0.3192298710346222,0.40309608578681944
1219,0.40341150760650635,0.38395118713378906
1220,0.6869199872016907,0.3879663348197937
1221,0.262300968170166,0.45002450346946715
1222,0.5489846467971802,0.4189792096614838
1223,0.53073650598526,0.4441693961620331
1224,0.35343948006629944,0.48647072315216067
1225,0.4264865219593048,0.47647631764411924
1226,0.3149473965167999,0.4243896245956421
1227,0.49644988775253296,0.43491891026496887
1228,0.2744379937648773,0.4244119584560394
1229,0.3228190243244171,0.3731522560119629
1230,0.4491218328475952,0.3670281648635864
1231,0.3390934467315674,0.3715552270412445
1232,0.45833078026771545,0.376384437084198
1233,0.43329939246177673,0.3687606155872345
1234,0.4026542603969574,0.4005328953266144
1235,0.4070846140384674,0.41649994254112244
1236,0.5829599499702454,0.4080924987792969
1237,0.3199246823787689,0.4568657994270325
1238,0.6835790872573853,0.4291845798492432
1239,0.6407193541526794,0.4792405188083649
1240,0.3391728103160858,0.5268535375595093
1241,0.5212488174438477,0.513271176815033
1242,0.35261815786361694,0.5009289503097534
1243,0.48634403944015503,0.5074676454067231
1244,0.45656701922416687,0.46802063584327697
1245,0.44052979350090027,0.43119016885757444
1246,0.37622469663619995,0.45146156549453736
1247,0.4153731167316437,0.4224567413330078
1248,0.4634675681591034,0.43500773310661317
1249,0.5845876336097717,0.43043243885040283
1250,0.30298030376434326,0.4560365617275238
1251,0.4729025363922119,0.4285266637802124
1252,0.46172964572906494,0.4478622317314148
1253,0.33008649945259094,0.457133537530899
1254,0.3420163094997406,0.43045732378959656
1255,0.397055983543396,0.38194305896759034
1256,0.28377094864845276,0.40075819492340087
1257,0.3572387397289276,0.36293187737464905
1258,0.5854334235191345,0.3420336961746216
1259,0.39428845047950745,0.3931030809879303
1260,0.5765413045883179,0.40355750918388367
1261,0.6360459327697754,0.43945457339286803
1262,0.5763721466064453,0.5099095702171326
1263,0.410358190536499,0.5537362515926361
1264,0.6028465032577515,0.518721204996109
1265,0.38815438747406006,0.5604328155517578
1266,0.5302472114562988,0.5227554321289063
1267,0.49586021900177,0.5015956878662109
1268,0.41782960295677185,0.4854933023452759
1269,0.5419002771377563,0.48698758482933047
1270,0.3831658959388733,0.4747983396053314
1271,0.44683724641799927,0.4738006412982941
1272,0.44922006130218506,0.45711864829063414
1273,0.5155283212661743,0.4477906167507172
1274,0.48980435729026794,0.4673303604125977
1275,0.5743607878684998,0.4569111764431
1276,0.5282644629478455,0.49515015482902525
1277,0.5619456171989441,0.5114355981349945
1278,0.34305569529533386,0.5339807093143463
1279,0.42876750230789185,0.4994861841201782
1280,0.3972187936306,0.487278813123703
1281,0.5813694596290588,0.45185041427612305
1282,0.5161564946174622,0.4624714136123657
1283,0.2420220971107483,0.45331358909606934
1284,0.5251763463020325,0.4331068694591522
1285,0.44310474395751953,0.45238863825798037
1286,0.4599108397960663,0.46156582832336424
1287,0.5457057356834412,0.4372741043567657
1288,0.261212021112442,0.44318395256996157
1289,0.4167633652687073,0.44702193737030027
1290,0.39445388317108154,0.42533934116363525
1291,0.37126439809799194,0.41560916900634765
1292,0.46069321036338806,0.3978798806667328
1293,0.4357590675354004,0.38087737560272217
1294,0.3129296600818634,0.41578678488731385
1295,0.3913878798484802,0.39502004384994505
1296,0.3748653531074524,0.3944068431854248
1297,0.35421550273895264,0.3951270341873169
1298,0.25040656328201294,0.3738314926624298
1299,0.3281223773956299,0.33676099181175234
1300,0.5764982104301453,0.3397995352745056
1301,0.360779732465744,0.37682160139083865
1302,0.6836740970611572,0.37400447726249697
1303,0.4740890860557556,0.43989619612693787
1304,0.41637685894966125,0.4846327006816864
1305,0.49838095903396606,0.5022835969924927
1306,0.5702482461929321,0.48666014671325686
1307,0.5212416648864746,0.5285538494586944
1308,0.5355044603347778,0.4960673630237579
1309,0.428957462310791,0.5083504378795624
1310,0.5340163111686707,0.5108665585517883
1311,0.39292070269584656,0.5179936289787292
1312,0.4884258210659027,0.48252812027931213
1313,0.5663151741027832,0.47596495151519774
1314,0.5489537715911865,0.48212709426879885
1315,0.5125702023506165,0.5061263561248779
1316,0.5036757588386536,0.5018371343612671
1317,0.3725740611553192,0.5239881455898285
1318,0.19245871901512146,0.5008177936077118
1319,0.4989300072193146,0.42604650259017945
1320,0.33862319588661194,0.41604174971580504
1321,0.5200618505477905,0.38125234842300415
1322,0.394592821598053,0.3845295667648315
1323,0.5169934630393982,0.3889333188533783
1324,0.6074950098991394,0.45384026765823365
1325,0.5274051427841187,0.47555326819419863
1326,0.41110941767692566,0.5133096575737
1327,0.512167751789093,0.49151917099952697
1328,0.6900525689125061,0.515034157037735
1329,0.3743906319141388,0.5496459782123566
1330,0.33974772691726685,0.5030251026153565
1331,0.43940669298171997,0.4654936194419861
1332,0.4726729393005371,0.47115307450294497
1333,0.3398350477218628,0.46325411200523375
1334,0.5194584131240845,0.3932106077671051
1335,0.4280613660812378,0.42222416400909424
1336,0.3286896049976349,0.43988689184188845
1337,0.4182811677455902,0.4177434742450714
1338,0.5939309597015381,0.40686511993408203
1339,0.519534707069397,0.4576843023300171
1340,0.5982635021209717,0.4576995611190796
1341,0.5742076635360718,0.49173998832702637
1342,0.4026259183883667,0.5408436000347138
1343,0.7469357252120972,0.537712550163269
1344,0.5011410713195801,0.5683135032653809
1345,0.4312421977519989,0.5646347761154175
1346,0.5807077288627625,0.5312305152416229
1347,0.519926130771637,0.532530528306961
1348,0.43928447365760803,0.5559905707836151
1349,0.4943724274635315,0.49446032047271726
1350,0.3343231678009033,0.49310659170150756
1351,0.3724369704723358,0.47372278571128845
1352,0.5533550977706909,0.4320686340332031
1353,0.3534485399723053,0.4387544274330139
1354,0.4346689283847809,0.4215872406959534
1355,0.5874519944190979,0.40964654088020325
1356,0.18590614199638367,0.4602723062038422
1357,0.47225579619407654,0.4229661405086517
1358,0.5663278102874756,0.40674628019332887
1359,0.48658648133277893,0.4493221342563629
1360,0.42414915561676025,0.45970564484596255
1361,0.3947620689868927,0.427045077085495
1362,0.4816979467868805,0.4688162624835968
1363,0.5388820171356201,0.4707046926021576
1364,0.535066545009613,0.4652155339717865
1365,0.34876012802124023,0.4749115467071533
1366,0.38398808240890503,0.4598337411880493
1367,0.5632553100585938,0.4576789438724518
1368,0.4460931122303009,0.4739904165267944
1369,0.42236053943634033,0.4554326355457306
1370,0.4655556082725525,0.432891434431076
1371,0.3588830828666687,0.4562505304813385
1372,0.559577226638794,0.4512295305728912
1373,0.42592188715934753,0.4504939138889313
1374,0.47874268889427185,0.4464596688747406
1375,0.5292145609855652,0.4577360987663269
1376,0.5269078612327576,0.47046788930892947
1377,0.525036633014679,0.5040728449821472
1378,0.41654324531555176,0.4971647262573242
1379,0.4055626690387726,0.49528899788856506
1380,0.5910061597824097,0.4806529939174652
1381,0.42528384923934937,0.4930113136768341
1382,0.5361412167549133,0.4726865112781525
1383,0.4348174035549164,0.47490742802619934
1384,0.5827196836471558,0.4785622596740723
1385,0.5369580388069153,0.5139936625957489
1386,0.36960169672966003,0.5031840384006501
1387,0.5032140612602234,0.49204760789871216
1388,0.5442251563072205,0.48546217679977416
1389,0.3978354036808014,0.507343727350235
1390,0.4419095814228058,0.4703668713569641
1391,0.4320744574069977,0.45135717988014223
1392,0.4785362780094147,0.46385173201560975
1393,0.43185028433799744,0.458916175365448
1394,0.473259836435318,0.4364412009716034
1395,0.2620382606983185,0.4515260875225067
1396,0.30264410376548767,0.41555182337760926
1397,0.24834410846233368,0.38966575264930725
1398,0.5214371681213379,0.34362731873989105
1399,0.4225615859031677,0.36154469549655915
1400,0.4895869493484497,0.35140504539012907
1401,0.3953869342803955,0.3969147831201553
1402,0.3839074671268463,0.4154633492231369
1403,0.47630804777145386,0.44257602095603943
1404,0.6151446104049683,0.4335501968860626
1405,0.44909578561782837,0.47206680178642274
1406,0.2812972366809845,0.4639685690402985
1407,0.40002816915512085,0.4411506295204163
1408,0.4169904291629791,0.44437476992607117
1409,0.4945329427719116,0.4325112462043762
1410,0.32368481159210205,0.4083889126777649
1411,0.3824353516101837,0.3833067178726196
1412,0.5392548441886902,0.40353434085845946
1413,0.40881168842315674,0.43137967586517334
1414,0.5081672072410583,0.4297439277172089
1415,0.38605937361717224,0.4324707806110382
1416,0.48906847834587097,0.44494569301605225
1417,0.19285883009433746,0.4662723183631897
1418,0.3904477059841156,0.39699311554431915
1419,0.3066401481628418,0.39332031905651094
1420,0.35958313941955566,0.3530149072408676
1421,0.2852381765842438,0.3477196604013443
1422,0.4394153654575348,0.30695360004901884
1423,0.30431410670280457,0.3562649071216583
1424,0.4879944920539856,0.33903818726539614
1425,0.4337613880634308,0.37530905604362486
1426,0.43597424030303955,0.3901447057723999
1427,0.3161914348602295,0.42029191851615905
1428,0.3292689621448517,0.395647132396698
1429,0.19060634076595306,0.4006381034851074
1430,0.48667192459106445,0.3411604732275009
1431,0.4334414005279541,0.35174258053302765
1432,0.4687962234020233,0.35123601257801057
1433,0.6352435350418091,0.38175697028636935
1434,0.4953095316886902,0.4429518848657608
1435,0.47878554463386536,0.5038925230503082
1436,0.407321572303772,0.5023152470588684
1437,0.48751282691955566,0.49709128141403197
1438,0.47459033131599426,0.5008346021175385
1439,0.5228777527809143,0.46870396137237547
1440,0.40857067704200745,0.4742176055908203
1441,0.5108053088188171,0.46017463207244874
1442,0.6441752314567566,0.48087137937545776
1443,0.5771458745002747,0.512203860282898
1444,0.4477177858352661,0.532714968919754
1445,0.3915388286113739,0.5176829755306244
1446,0.3979783356189728,0.5142766058444976
1447,0.48788926005363464,0.4917112112045288
1448,0.33445507287979126,0.4604540169239044
1449,0.38282501697540283,0.41191585659980773
1450,0.28486374020576477,0.39893730282783507
1451,0.5339184403419495,0.37760228514671323
1452,0.48592889308929443,0.4047903060913086
1453,0.41368749737739563,0.40439823269844055
1454,0.3209213316440582,0.42024471759796145
1455,0.37789517641067505,0.4078639805316925
1456,0.2646500766277313,0.42647026777267455
1457,0.42521464824676514,0.3726165950298309
1458,0.6670114398002625,0.3604737460613251
1459,0.32517552375793457,0.41113853454589844
1460,0.2901127338409424,0.4119893729686737
1461,0.3053688704967499,0.3944328844547272
1462,0.43191540241241455,0.4025766432285309
1463,0.5174093842506409,0.40391679406166076
1464,0.5152371525764465,0.37399638295173643
1465,0.41502025723457336,0.4120087087154388
1466,0.41019734740257263,0.43699021339416505
1467,0.36652177572250366,0.4579559087753296
1468,0.40134385228157043,0.4448771834373474
1469,0.30192509293556213,0.4216640770435333
1470,0.4520128071308136,0.37900166511535643
1471,0.37223607301712036,0.3864001750946045
1472,0.5790050625801086,0.378807920217514
1473,0.35523736476898193,0.42130457758903506
1474,0.6003511548042297,0.41208328008651735
1475,0.6084370017051697,0.4717684924602509
1476,0.5612226128578186,0.5030533313751221
1477,0.383247971534729,0.5408506393432617
1478,0.3235900104045868,0.5016992211341857
1479,0.5516660809516907,0.49536975026130675
1480,0.5443626046180725,0.48563273549079894
1481,0.42601436376571655,0.4728178560733795
1482,0.527547299861908,0.4457762062549591
1483,0.44653117656707764,0.4746360719203949
1484,0.4675884544849396,0.49922430515289307
1485,0.34977951645851135,0.48240877985954284
1486,0.5456169843673706,0.4434921622276306
1487,0.38577330112457275,0.4674126863479614
1488,0.4379531145095825,0.4390578866004944
1489,0.45775946974754333,0.43734227418899535
1490,0.36879971623420715,0.4353764772415161
1491,0.38807496428489685,0.4391805171966553
1492,0.29783353209495544,0.4076721131801605
1493,0.5270768404006958,0.39008415937423707
1494,0.4531559348106384,0.4079089045524597
1495,0.583266019821167,0.40698819756507876
1496,0.5149431228637695,0.4498814582824707
1497,0.45611846446990967,0.47525508999824523
1498,0.18186672031879425,0.5069120764732361
1499,0.23274414241313934,0.4378700524568558
1500,0.20174261927604675,0.39378769397735597
1501,0.44026413559913635,0.3174830138683319
