,health index
0,0.9677796959877014
1,0.9688041806221008
2,0.972126841545105
3,0.9687748551368713
4,0.975253164768219
5,0.964415967464447
6,0.9737499952316284
7,0.9772847890853882
8,0.9683796167373657
9,0.9689627289772034
10,0.983016312122345
11,0.9760106801986694
12,0.9652497172355652
13,0.9885134100914001
14,0.9589642882347107
15,0.955505907535553
16,0.978362500667572
17,0.9715335965156555
18,0.9773444533348083
19,0.9665743708610535
20,0.9808250069618225
21,0.9281337857246399
22,0.9704054594039917
23,0.9550243020057678
24,0.9457650780677795
25,0.9711237549781799
26,0.9830541014671326
27,0.9656347632408142
28,0.965531587600708
29,0.9888219833374023
30,0.9741883277893066
31,0.9806971549987793
32,0.9762052893638611
33,0.9814617037773132
34,0.9817909002304077
35,0.9610327482223511
36,0.9622222185134888
37,0.7825823426246643
38,0.9810341596603394
39,0.9784406423568726
40,0.9645546078681946
41,0.95103520154953
42,0.9643548130989075
43,0.9544104933738708
44,0.9018175005912781
45,0.9622440934181213
46,0.963640034198761
47,0.9634370803833008
48,0.9763023853302002
49,0.9223209619522095
50,0.9631104469299316
51,0.9024973511695862
52,0.9621950387954712
53,0.8032024502754211
54,0.8980506658554077
55,0.9629137516021729
56,0.7448875308036804
57,0.9197968244552612
58,0.9839302897453308
59,0.9452446699142456
60,0.9763734340667725
61,0.9712788462638855
62,0.9773929715156555
63,0.9823696613311768
64,0.977381706237793
65,0.9466404318809509
66,0.9779717922210693
67,0.9074411392211914
68,0.9639832377433777
69,0.9381284117698669
70,0.9697960615158081
71,0.984764814376831
72,0.879289448261261
73,0.9637792110443115
74,0.9858052134513855
75,0.9759888052940369
76,0.9808241128921509
77,0.9680998921394348
78,0.9535717368125916
79,0.9684919118881226
80,0.971163809299469
81,0.9787458777427673
82,0.9803915023803711
83,0.9869711399078369
84,0.9770944714546204
85,0.9800493717193604
86,0.9723044037818909
87,0.9797582626342773
88,0.9681273102760315
89,0.908062219619751
90,0.975060224533081
91,0.9434940218925476
92,0.9343960881233215
93,0.980336606502533
94,0.9573076963424683
95,0.9226323962211609
96,0.9667442440986633
97,0.950873076915741
98,0.9725947380065918
99,0.966056227684021
100,0.9627966284751892
101,0.9211776256561279
102,0.9077204465866089
103,0.9301966428756714
104,0.9790300130844116
105,0.9821288585662842
106,0.9762555956840515
107,0.9769816994667053
108,0.979140043258667
109,0.9660556316375732
110,0.8502746224403381
111,0.9578870534896851
112,0.8549525737762451
113,0.9436689019203186
114,0.9573258757591248
115,0.9585659503936768
116,0.971609890460968
117,0.9828589558601379
118,0.9654207825660706
119,0.9749494194984436
120,0.9300950169563293
121,0.9354573488235474
122,0.9753771424293518
123,0.968178927898407
124,0.9717146158218384
125,0.9574134945869446
126,0.9718788266181946
127,0.9115556478500366
128,0.9600273966789246
129,0.9442021250724792
130,0.9761863946914673
131,0.963552713394165
132,0.9725337028503418
133,0.969872772693634
134,0.9769917130470276
135,0.9524862170219421
136,0.9624594449996948
137,0.9872754216194153
138,0.9787830114364624
139,0.9692330360412598
140,0.9535029530525208
141,0.9711525440216064
142,0.9694203734397888
143,0.9579333662986755
144,0.9731802940368652
145,0.962805449962616
146,0.976318895816803
147,0.9651637673377991
148,0.9010761380195618
149,0.9800940155982971
150,0.9400153756141663
151,0.9521416425704956
152,0.9562246799468994
153,0.9521515965461731
154,0.981200635433197
155,0.9882218241691589
156,0.950147807598114
157,0.9642043709754944
158,0.9747751355171204
159,0.9590562582015991
160,0.9498342871665955
161,0.9780063629150391
162,0.9420673847198486
163,0.9673886299133301
164,0.940834641456604
165,0.9763718247413635
166,0.9745834469795227
167,0.9600151777267456
168,0.9591909050941467
169,0.9632940292358398
170,0.9035349488258362
171,0.9038453698158264
172,0.9629231691360474
173,0.9582593441009521
174,0.8978762030601501
175,0.965435266494751
176,0.9414961338043213
177,0.9503499865531921
178,0.8782191872596741
179,0.9524200558662415
180,0.9687525033950806
181,0.9582592248916626
182,0.9457705020904541
183,0.972863495349884
184,0.9315553903579712
185,0.9496562480926514
186,0.945275604724884
187,0.9429452419281006
188,0.8862364292144775
189,0.9628662467002869
190,0.9503075480461121
191,0.9669546484947205
192,0.9525765180587769
193,0.9545477628707886
194,0.9673401117324829
195,0.960105836391449
196,0.9658311605453491
197,0.9688819646835327
198,0.9425988793373108
199,0.9432179927825928
200,0.8652827143669128
201,0.9562456011772156
202,0.9623213410377502
203,0.8850434422492981
204,0.921967625617981
205,0.9698184728622437
206,0.9234156608581543
207,0.8823039531707764
208,0.9299247860908508
209,0.9498628973960876
210,0.937096118927002
211,0.9056742191314697
212,0.8975847363471985
213,0.924199104309082
214,0.9619142413139343
215,0.9602361917495728
216,0.8752520084381104
217,0.8756834864616394
218,0.9420562982559204
219,0.9702625870704651
220,0.9364535808563232
221,0.9179847240447998
222,0.8943807482719421
223,0.9656612873077393
224,0.9661312103271484
225,0.9434700012207031
226,0.8261219263076782
227,0.9373447895050049
228,0.9516386389732361
229,0.8705794215202332
230,0.9374540448188782
231,0.9558606147766113
232,0.9530026912689209
233,0.9745475649833679
234,0.9557306170463562
235,0.971028208732605
236,0.9636498689651489
237,0.908906102180481
238,0.960928201675415
239,0.935970664024353
240,0.9467018842697144
241,0.8971550464630127
242,0.9572012424468994
243,0.9464995861053467
244,0.9554539918899536
245,0.9284595847129822
246,0.9539961218833923
247,0.9744402170181274
248,0.9530916810035706
249,0.9781700372695923
250,0.9433844089508057
251,0.9786645770072937
252,0.9335542917251587
253,0.9711241126060486
254,0.9277762770652771
255,0.9417911171913147
256,0.9659386277198792
257,0.869769811630249
258,0.9600659608840942
259,0.9377691745758057
260,0.9685605764389038
261,0.9364248514175415
262,0.916545569896698
263,0.9393341541290283
264,0.965612530708313
265,0.9419063925743103
266,0.8929412364959717
267,0.9427295327186584
268,0.955847978591919
269,0.9289629459381104
270,0.8660165071487427
271,0.9540300965309143
272,0.9569277763366699
273,0.9428821802139282
274,0.9678162336349487
275,0.9215407967567444
276,0.9296132922172546
277,0.8249472975730896
278,0.954674482345581
279,0.9171159267425537
280,0.9782296419143677
281,0.8912478089332581
282,0.9541175365447998
283,0.9448277950286865
284,0.9645119309425354
285,0.9495323300361633
286,0.957965075969696
287,0.9478429555892944
288,0.9285661578178406
289,0.9273697137832642
290,0.9562563896179199
291,0.9382319450378418
292,0.9383735060691833
293,0.9122891426086426
294,0.887651264667511
295,0.9214395880699158
296,0.9416765570640564
297,0.9397571682929993
298,0.8946375250816345
299,0.9483729600906372
300,0.8978220224380493
301,0.8995239734649658
302,0.9305588006973267
303,0.9558749794960022
304,0.7158381938934326
305,0.9271824359893799
306,0.9290565848350525
307,0.9207320213317871
308,0.9100721478462219
309,0.9464401006698608
310,0.9302798509597778
311,0.926708996295929
312,0.9430808424949646
313,0.9553381204605103
314,0.9475594162940979
315,0.9490421414375305
316,0.8891883492469788
317,0.905911386013031
318,0.9258052110671997
319,0.9478541612625122
320,0.9373930096626282
321,0.9475592970848083
322,0.9158338904380798
323,0.9012906551361084
324,0.8917526006698608
325,0.8248147964477539
326,0.9699259400367737
327,0.9262433648109436
328,0.9587356448173523
329,0.9545632004737854
330,0.9276512265205383
331,0.821241021156311
332,0.9408445954322815
333,0.9196982383728027
334,0.932405412197113
335,0.9331333041191101
336,0.9500051140785217
337,0.9403035640716553
338,0.9077874422073364
339,0.9464291930198669
340,0.91800856590271
341,0.9463778138160706
342,0.9551975727081299
343,0.9313878417015076
344,0.9568546414375305
345,0.9584876298904419
346,0.964472770690918
347,0.92747962474823
348,0.844458281993866
349,0.9500293135643005
350,0.8792514801025391
351,0.9180428981781006
352,0.8888437747955322
353,0.9266040921211243
354,0.9408852458000183
355,0.9626907706260681
356,0.9641504287719727
357,0.9443686008453369
358,0.929364025592804
359,0.9563827514648438
360,0.958946943283081
361,0.9635802507400513
362,0.9521130323410034
363,0.9426882863044739
364,0.9419943690299988
365,0.9656276106834412
366,0.8765842318534851
367,0.9562218189239502
368,0.9571906328201294
369,0.9752753973007202
370,0.9604451656341553
371,0.9621390104293823
372,0.8976315259933472
373,0.9611945152282715
374,0.9600242972373962
375,0.932967483997345
376,0.9208860397338867
377,0.9645722508430481
378,0.9325928092002869
379,0.9368597865104675
380,0.9402461051940918
381,0.9305378794670105
382,0.9521146416664124
383,0.948664665222168
384,0.8579762578010559
385,0.9354721307754517
386,0.8569141626358032
387,0.9257597327232361
388,0.9664254784584045
389,0.9447845816612244
390,0.9527537226676941
391,0.9372720122337341
392,0.9344990253448486
393,0.8768584728240967
394,0.9053499698638916
395,0.7122969031333923
396,0.8867012858390808
397,0.9282206892967224
398,0.8629205822944641
399,0.9181022047996521
400,0.8845199942588806
401,0.8903816938400269
402,0.9567562341690063
403,0.9393510818481445
404,0.9418582916259766
405,0.9434502720832825
406,0.8858056664466858
407,0.9080105423927307
408,0.904009997844696
409,0.9348275661468506
410,0.9058797955513
411,0.8971747159957886
412,0.8478812575340271
413,0.8773120045661926
414,0.8609970211982727
415,0.931125283241272
416,0.9394564628601074
417,0.9433113932609558
418,0.9239556193351746
419,0.941524863243103
420,0.9377792477607727
421,0.9010063409805298
422,0.9352848529815674
423,0.9150939583778381
424,0.8566948771476746
425,0.838753879070282
426,0.961920976638794
427,0.9120213985443115
428,0.9543149471282959
429,0.9176235198974609
430,0.9647042751312256
431,0.8582198619842529
432,0.9368244409561157
433,0.9205986261367798
434,0.8950138688087463
435,0.915161669254303
436,0.9481168389320374
437,0.8903688192367554
438,0.9201182723045349
439,0.9471656084060669
440,0.8260164260864258
441,0.9219703674316406
442,0.9454068541526794
443,0.8965832591056824
444,0.8501034379005432
445,0.8992011547088623
446,0.8961378931999207
447,0.9373930096626282
448,0.947539746761322
449,0.9397497773170471
450,0.9391183257102966
451,0.9189268946647644
452,0.9368770718574524
453,0.9281575083732605
454,0.952548086643219
455,0.9208119511604309
456,0.9260596632957458
457,0.6985885500907898
458,0.928502082824707
459,0.8869619965553284
460,0.9351209402084351
461,0.9337716698646545
462,0.8331904411315918
463,0.9365614652633667
464,0.9246569275856018
465,0.9425152540206909
466,0.9183747172355652
467,0.9540272355079651
468,0.9031925797462463
469,0.9144810438156128
470,0.9200754761695862
471,0.9422248601913452
472,0.9368243217468262
473,0.9159464836120605
474,0.909378170967102
475,0.8973855972290039
476,0.9478858709335327
477,0.8916261792182922
478,0.9360665082931519
479,0.9227817058563232
480,0.8779410123825073
481,0.9216485023498535
482,0.8505019545555115
483,0.8702563643455505
484,0.8111822605133057
485,0.9273977875709534
486,0.8962872624397278
487,0.8821417689323425
488,0.9258206486701965
489,0.9224191308021545
490,0.909670352935791
491,0.9594584107398987
492,0.8744481205940247
493,0.853553295135498
494,0.7389833331108093
495,0.9156575202941895
496,0.9276351928710938
497,0.9063194394111633
498,0.8369754552841187
499,0.9220028519630432
500,0.8934494853019714
501,0.932782769203186
502,0.9266062378883362
503,0.9215474724769592
504,0.9050078988075256
505,0.9285275936126709
506,0.8620158433914185
507,0.8632277250289917
508,0.9450011849403381
509,0.9160834550857544
510,0.9525752067565918
511,0.9424986243247986
512,0.9323222637176514
513,0.9409117102622986
514,0.9458510279655457
515,0.9583423137664795
516,0.8993613719940186
517,0.9438251852989197
518,0.9373325705528259
519,0.8992975354194641
520,0.5432001948356628
521,0.7612361311912537
522,0.7272887229919434
523,0.882972776889801
524,0.8527998924255371
525,0.9030904769897461
526,0.8677825331687927
527,0.878079354763031
528,0.8924944400787354
529,0.8367262482643127
530,0.9063109159469604
531,0.7800381779670715
532,0.8668249845504761
533,0.8176199197769165
534,0.9143998026847839
535,0.8876969814300537
536,0.8753307461738586
537,0.8435896039009094
538,0.8488211035728455
539,0.9251928329467773
540,0.9070965051651001
541,0.8835164904594421
542,0.9039615988731384
543,0.9193966388702393
544,0.9118606448173523
545,0.9369245767593384
546,0.9424039721488953
547,0.9093640446662903
548,0.8815511465072632
549,0.7070897817611694
550,0.8486692309379578
551,0.844171404838562
552,0.9209616780281067
553,0.935254693031311
554,0.8928251266479492
555,0.9294500350952148
556,0.9239576458930969
557,0.8183056712150574
558,0.8998684883117676
559,0.946583092212677
560,0.9018656611442566
561,0.9478031992912292
562,0.9089810252189636
563,0.9232159852981567
564,0.8822012543678284
565,0.9026327729225159
566,0.9139571785926819
567,0.9201958775520325
568,0.9191135764122009
569,0.9243345856666565
570,0.9359456896781921
571,0.9163803458213806
572,0.8386096954345703
573,0.8068313598632812
574,0.9164261817932129
575,0.7879583239555359
576,0.8286041021347046
577,0.841635525226593
578,0.8620715737342834
579,0.8914368748664856
580,0.9297818541526794
581,0.9557973742485046
582,0.8617691397666931
583,0.8759698867797852
584,0.6939926743507385
585,0.8460943698883057
586,0.8728742003440857
587,0.8911596536636353
588,0.8624712824821472
589,0.8843713402748108
590,0.8171031475067139
591,0.8893639445304871
592,0.820603609085083
593,0.8660853505134583
594,0.8641921877861023
595,0.8406866192817688
596,0.9145223498344421
597,0.873143196105957
598,0.9364356398582458
599,0.897475004196167
600,0.8975562453269958
601,0.9013141989707947
602,0.8352801203727722
603,0.8658767342567444
604,0.904980480670929
605,0.9473584294319153
606,0.8649951815605164
607,0.8882076740264893
608,0.9204559922218323
609,0.8943203687667847
610,0.9314630627632141
611,0.8089545369148254
612,0.8873281478881836
613,0.9181439280509949
614,0.9202193021774292
615,0.915607750415802
616,0.8451831340789795
617,0.8273630142211914
618,0.8442439436912537
619,0.8922275304794312
620,0.8915008902549744
621,0.8714746832847595
622,0.8331249952316284
623,0.781757652759552
624,0.7792426347732544
625,0.730474591255188
626,0.8077410459518433
627,0.9001999497413635
628,0.8134338855743408
629,0.8582005500793457
630,0.9126213192939758
631,0.8798446655273438
632,0.8746836185455322
633,0.9114152193069458
634,0.8504686951637268
635,0.8935451507568359
636,0.878483772277832
637,0.78951495885849
638,0.8688504099845886
639,0.9073237180709839
640,0.9043104648590088
641,0.8328412175178528
642,0.8225376009941101
643,0.8996893167495728
644,0.7542675137519836
645,0.8724092245101929
646,0.7076449990272522
647,0.8575422763824463
648,0.9047152996063232
649,0.8985341787338257
650,0.9126074314117432
651,0.8265609741210938
652,0.8118886947631836
653,0.7568430304527283
654,0.7777323722839355
655,0.7532473206520081
656,0.7771546244621277
657,0.8968042135238647
658,0.8382641077041626
659,0.8849181532859802
660,0.8695740699768066
661,0.939558744430542
662,0.7945480346679688
663,0.9007214307785034
664,0.8362507820129395
665,0.8829401731491089
666,0.8689207434654236
667,0.8752174377441406
668,0.7831822633743286
669,0.7738531231880188
670,0.8511988520622253
671,0.8758062720298767
672,0.7711089849472046
673,0.890181839466095
674,0.8396245241165161
675,0.8545460104942322
676,0.8961086869239807
677,0.8814505338668823
678,0.9353577494621277
679,0.9078149795532227
680,0.8895233273506165
681,0.9259719848632812
682,0.8431256413459778
683,0.761858344078064
684,0.8936245441436768
685,0.8593167662620544
686,0.8561493754386902
687,0.8642398118972778
688,0.8971309661865234
689,0.8996356129646301
690,0.8580390214920044
691,0.9332833290100098
692,0.7522197365760803
693,0.8755413293838501
694,0.8898906111717224
695,0.8646044135093689
696,0.8619781136512756
697,0.8321684002876282
698,0.8258053660392761
699,0.873311460018158
700,0.8901945948600769
701,0.8771852850914001
702,0.9344443678855896
703,0.9111865758895874
704,0.8249182105064392
705,0.9034757614135742
706,0.8342114686965942
707,0.47268375754356384
708,0.9021989703178406
709,0.7223244905471802
710,0.90617835521698
711,0.815921425819397
712,0.844253659248352
713,0.91914963722229
714,0.8520281314849854
715,0.8867257237434387
716,0.9054856300354004
717,0.9199012517929077
718,0.8110859990119934
719,0.8615152835845947
720,0.8272532820701599
721,0.7636855244636536
722,0.8920634388923645
723,0.8146976232528687
724,0.8634549379348755
725,0.8184236288070679
726,0.8085856437683105
727,0.7174471616744995
728,0.8354182839393616
729,0.6472089290618896
730,0.9055212140083313
731,0.8019199371337891
732,0.6257579922676086
733,0.8015320897102356
734,0.9250406622886658
735,0.5085800886154175
736,0.8104615807533264
737,0.8661308288574219
738,0.8632246851921082
739,0.8661773204803467
740,0.9184963703155518
741,0.6891777515411377
742,0.795961320400238
743,0.8227426409721375
744,0.8587728142738342
745,0.860731840133667
746,0.8639991879463196
747,0.8653581738471985
748,0.8627801537513733
749,0.893934965133667
750,0.7741233706474304
751,0.8310164213180542
752,0.8118604421615601
753,0.8653137683868408
754,0.8510794639587402
755,0.7165302038192749
756,0.7437925934791565
757,0.8211076259613037
758,0.7475140690803528
759,0.7981933355331421
760,0.7734903693199158
761,0.7762810587882996
762,0.7980350852012634
763,0.8410768508911133
764,0.8730037808418274
765,0.6943309903144836
766,0.9234797358512878
767,0.8394861221313477
768,0.7195292115211487
769,0.7708226442337036
770,0.8251811861991882
771,0.8120988011360168
772,0.8129767775535583
773,0.8425527215003967
774,0.8939201235771179
775,0.7016230821609497
776,0.7164280414581299
777,0.8802533149719238
778,0.8172106146812439
779,0.8336563110351562
780,0.8409954905509949
781,0.7817814946174622
782,0.8757308125495911
783,0.6946792006492615
784,0.6634286642074585
785,0.7981972694396973
786,0.6751996874809265
787,0.798737645149231
788,0.7984580397605896
789,0.8395087122917175
790,0.8892968893051147
791,0.7400453686714172
792,0.7507776021957397
793,0.5613318085670471
794,0.8838375210762024
795,0.8732406497001648
796,0.8193156123161316
797,0.7097482085227966
798,0.740115761756897
799,0.7622170448303223
800,0.9157447218894958
801,0.9124317169189453
802,0.5349169969558716
803,0.8581445217132568
804,0.7928445935249329
805,0.74876469373703
806,0.7259747982025146
807,0.7452306747436523
808,0.7519081830978394
809,0.781609296798706
810,0.7515657544136047
811,0.7963080406188965
812,0.5705569386482239
813,0.8028584718704224
814,0.7994970083236694
815,0.7846605181694031
816,0.7831073999404907
817,0.724764883518219
818,0.6731859445571899
819,0.7391491532325745
820,0.6035178899765015
821,0.8896243572235107
822,0.7865666747093201
823,0.6296864748001099
824,0.7743178606033325
825,0.4870050251483917
826,0.8222623467445374
827,0.7696714401245117
828,0.746263861656189
829,0.6430692672729492
830,0.7287760376930237
831,0.7309287786483765
832,0.8234491944313049
833,0.6611884832382202
834,0.6755843758583069
835,0.6806221604347229
836,0.8646242022514343
837,0.8338807821273804
838,0.5838055610656738
839,0.7080962657928467
840,0.8594987392425537
841,0.9058303833007812
842,0.8321647047996521
843,0.8198055028915405
844,0.7379087805747986
845,0.8356420993804932
846,0.8279885053634644
847,0.7865203619003296
848,0.8147862553596497
849,0.7636960744857788
850,0.8740511536598206
851,0.8356100916862488
852,0.725382387638092
853,0.8303104043006897
854,0.8347647190093994
855,0.721011221408844
856,0.7918136119842529
857,0.5458065271377563
858,0.8329633474349976
859,0.8614615201950073
860,0.8523181080818176
861,0.7665254473686218
862,0.7807258367538452
863,0.7864724397659302
864,0.8213518261909485
865,0.7407708168029785
866,0.7632790803909302
867,0.6885998845100403
868,0.7362772226333618
869,0.6752227544784546
870,0.634618878364563
871,0.6445710062980652
872,0.7977188229560852
873,0.7153429388999939
874,0.7069059014320374
875,0.6890091896057129
876,0.7616696357727051
877,0.8331420421600342
878,0.7579808831214905
879,0.6854242086410522
880,0.8536261320114136
881,0.7585120797157288
882,0.7897902727127075
883,0.7228072881698608
884,0.7281283736228943
885,0.7365332245826721
886,0.5409019589424133
887,0.7290966510772705
888,0.7972525358200073
889,0.8343316912651062
890,0.5741370320320129
891,0.659502387046814
892,0.7849943041801453
893,0.7683284282684326
894,0.7118723392486572
895,0.7714763283729553
896,0.6654899716377258
897,0.8527573347091675
898,0.7881327867507935
899,0.6615002751350403
900,0.5258025527000427
901,0.8571285009384155
902,0.7990643382072449
903,0.7100350856781006
904,0.7876560091972351
905,0.6869581937789917
906,0.6958889961242676
907,0.6492441296577454
908,0.7350431680679321
909,0.7594553232192993
910,0.8049582242965698
911,0.7935622334480286
912,0.7633848786354065
913,0.7991378903388977
914,0.7279672622680664
915,0.6675792336463928
916,0.719083845615387
917,0.7435466647148132
918,0.7810224890708923
919,0.6979333162307739
920,0.5994459986686707
921,0.8143422603607178
922,0.6033422946929932
923,0.8085545301437378
924,0.7003511786460876
925,0.6885950565338135
926,0.6217787265777588
927,0.6899741291999817
928,0.7382897734642029
929,0.7032812833786011
930,0.656714677810669
931,0.6616425514221191
932,0.7432246208190918
933,0.7955737709999084
934,0.5665128827095032
935,0.8449366688728333
936,0.75094074010849
937,0.8026439547538757
938,0.8271059989929199
939,0.8197044730186462
940,0.6855874061584473
941,0.8130972385406494
942,0.6338721513748169
943,0.7424179315567017
944,0.802719235420227
945,0.5007737278938293
946,0.8804062008857727
947,0.6839264035224915
948,0.5917257070541382
949,0.7697551846504211
950,0.6081224679946899
951,0.6663853526115417
952,0.7794545292854309
953,0.6758427619934082
954,0.6725565791130066
955,0.6587164402008057
956,0.795642077922821
957,0.6684861183166504
958,0.5575084090232849
959,0.7432884573936462
960,0.6315245628356934
961,0.6558637022972107
962,0.5682781338691711
963,0.6392400860786438
964,0.6035165190696716
965,0.7530079483985901
966,0.606456458568573
967,0.7525180578231812
968,0.6182345151901245
969,0.6198998093605042
970,0.7125164866447449
971,0.6425392627716064
972,0.7636110782623291
973,0.5802702903747559
974,0.7841913104057312
975,0.6131545305252075
976,0.6824719309806824
977,0.5141845345497131
978,0.6733226776123047
979,0.6984028816223145
980,0.6974952816963196
981,0.7525619864463806
982,0.7584152221679688
983,0.6796444654464722
984,0.8031742572784424
985,0.8064436316490173
986,0.7768601179122925
987,0.5222415328025818
988,0.7057822346687317
989,0.7015004754066467
990,0.7405126094818115
991,0.7489592432975769
992,0.7578973770141602
993,0.6068946123123169
994,0.7514798045158386
995,0.6845139861106873
996,0.7350202202796936
997,0.6667168736457825
998,0.6503910422325134
999,0.6722841858863831
1000,0.6224536895751953
1001,0.6240596175193787
1002,0.7289502620697021
1003,0.7541542053222656
1004,0.7017209529876709
1005,0.6420936584472656
1006,0.49130865931510925
1007,0.4825544059276581
1008,0.7244824171066284
1009,0.7075396776199341
1010,0.6199223399162292
1011,0.569550096988678
1012,0.5344263315200806
1013,0.7207198143005371
1014,0.6034478545188904
1015,0.6566117405891418
1016,0.7028316855430603
1017,0.7438231110572815
1018,0.7995696067810059
1019,0.6911788582801819
1020,0.757331371307373
1021,0.6190323829650879
1022,0.8028645515441895
1023,0.7850451469421387
1024,0.7063941955566406
1025,0.6927172541618347
1026,0.6300268173217773
1027,0.5601508617401123
1028,0.46349382400512695
1029,0.6737574934959412
1030,0.6781773567199707
1031,0.8047739267349243
1032,0.6817725300788879
1033,0.5781651735305786
1034,0.6947216391563416
1035,0.6408854126930237
1036,0.6160795092582703
1037,0.7879300117492676
1038,0.6782366633415222
1039,0.7374688982963562
1040,0.5731507539749146
1041,0.5715700387954712
1042,0.6105236411094666
1043,0.8194137215614319
1044,0.573869526386261
1045,0.7526772022247314
1046,0.6697784662246704
1047,0.7674564719200134
1048,0.6571225523948669
1049,0.5496959686279297
1050,0.672740638256073
1051,0.7003402709960938
1052,0.7333278656005859
1053,0.6880743503570557
1054,0.7371588349342346
1055,0.7198765873908997
1056,0.7602899074554443
1057,0.6583917737007141
1058,0.6529518365859985
1059,0.6462322473526001
1060,0.684505820274353
1061,0.7543016672134399
1062,0.7573009729385376
1063,0.796852171421051
1064,0.616911768913269
1065,0.6316628456115723
1066,0.6896864771842957
1067,0.6299473643302917
1068,0.5855981707572937
1069,0.6864272356033325
1070,0.5406365394592285
1071,0.7304689884185791
1072,0.7036077976226807
1073,0.6465333104133606
1074,0.6396845579147339
1075,0.6340054869651794
1076,0.6816484928131104
1077,0.661392331123352
1078,0.6591071486473083
1079,0.5930555462837219
1080,0.7268615961074829
1081,0.6774633526802063
1082,0.7346349358558655
1083,0.5670208930969238
1084,0.5939115881919861
1085,0.7138911485671997
1086,0.5928493738174438
1087,0.704312801361084
1088,0.6694948077201843
1089,0.496114045381546
1090,0.6243420243263245
1091,0.5539667010307312
1092,0.5518252849578857
1093,0.7050889730453491
1094,0.6447444558143616
1095,0.6824600100517273
1096,0.6016201972961426
1097,0.6391721367835999
1098,0.7037274837493896
1099,0.587257444858551
1100,0.5809348821640015
1101,0.6617674827575684
1102,0.5731844305992126
1103,0.7268937826156616
1104,0.5655912160873413
1105,0.5987856984138489
1106,0.595352828502655
1107,0.6253461241722107
1108,0.5678774118423462
1109,0.6201244592666626
1110,0.6286966800689697
1111,0.6915770769119263
1112,0.720229983329773
1113,0.6515546441078186
1114,0.5825881958007812
1115,0.553376317024231
1116,0.6699041128158569
1117,0.5781406164169312
1118,0.608252227306366
1119,0.5811872482299805
1120,0.5320367217063904
1121,0.6028443574905396
1122,0.6818491816520691
1123,0.5812674760818481
1124,0.7015146017074585
1125,0.7027727961540222
1126,0.6099570989608765
1127,0.43120241165161133
1128,0.6171097159385681
1129,0.6861711144447327
1130,0.5032100677490234
1131,0.5931978821754456
1132,0.5217733383178711
1133,0.5692110657691956
1134,0.5488337874412537
1135,0.6687154173851013
1136,0.6001419425010681
1137,0.7191869020462036
1138,0.48683786392211914
1139,0.4963327944278717
1140,0.7212151288986206
1141,0.6390125751495361
1142,0.584270179271698
1143,0.7729801535606384
1144,0.6435312628746033
1145,0.6562690734863281
1146,0.6343779563903809
1147,0.5878815054893494
1148,0.6572199463844299
1149,0.5341681241989136
1150,0.5399838089942932
1151,0.6523101329803467
1152,0.5463343262672424
1153,0.4998880922794342
1154,0.4864271879196167
1155,0.5110179781913757
1156,0.5159913897514343
1157,0.5374600887298584
1158,0.42699387669563293
1159,0.529516875743866
1160,0.5506511330604553
1161,0.6791746616363525
1162,0.5764327645301819
1163,0.5014992952346802
1164,0.6004209518432617
1165,0.6406027674674988
1166,0.4851725399494171
1167,0.6350749135017395
1168,0.5761410593986511
1169,0.5985446572303772
1170,0.5171217918395996
1171,0.6659630537033081
1172,0.6126877665519714
1173,0.6171636581420898
1174,0.5746285915374756
1175,0.6880135536193848
1176,0.6857383251190186
1177,0.5424322485923767
1178,0.5757409334182739
1179,0.5314049124717712
1180,0.5998770594596863
1181,0.5653483867645264
1182,0.6109355092048645
1183,0.4420378506183624
1184,0.6308775544166565
1185,0.6111024618148804
1186,0.5881699323654175
1187,0.6563102006912231
1188,0.5997127294540405
1189,0.4932555556297302
1190,0.7508386969566345
1191,0.7215486764907837
1192,0.5462924838066101
1193,0.5619337558746338
1194,0.6305907964706421
1195,0.6576888561248779
1196,0.5242125391960144
1197,0.6113828420639038
1198,0.5954383611679077
1199,0.6321001648902893
1200,0.6061290502548218
1201,0.5579541325569153
1202,0.5200339555740356
1203,0.4801670014858246
1204,0.5743148922920227
1205,0.6890934109687805
1206,0.581316351890564
1207,0.6222352385520935
1208,0.6385912895202637
1209,0.6559276580810547
1210,0.5119080543518066
1211,0.6313987374305725
1212,0.4872080087661743
1213,0.45051833987236023
1214,0.6156734824180603
1215,0.5537846088409424
1216,0.588857114315033
1217,0.6816949248313904
1218,0.5999334454536438
1219,0.487544447183609
1220,0.4841214120388031
1221,0.5114358067512512
1222,0.5538446307182312
1223,0.46169325709342957
1224,0.5518171787261963
1225,0.6287156939506531
1226,0.5566129684448242
1227,0.5883269309997559
1228,0.642767071723938
1229,0.49379491806030273
1230,0.5242013931274414
1231,0.5958632230758667
1232,0.5175375938415527
1233,0.4199489653110504
1234,0.6414873600006104
1235,0.523514449596405
1236,0.47029390931129456
1237,0.46540677547454834
1238,0.5589278936386108
1239,0.5287624001502991
1240,0.6131029725074768
1241,0.5088973641395569
1242,0.5282126069068909
1243,0.5732616782188416
1244,0.3826049566268921
1245,0.526944100856781
1246,0.7009811997413635
1247,0.6371131539344788
1248,0.5499677062034607
1249,0.5616776943206787
1250,0.4380989372730255
1251,0.5829290747642517
1252,0.5296877026557922
1253,0.5150357484817505
1254,0.46717509627342224
1255,0.5288572311401367
1256,0.5077137351036072
1257,0.42575517296791077
1258,0.403109610080719
1259,0.6290445923805237
1260,0.6392631530761719
1261,0.59737229347229
1262,0.5021601915359497
1263,0.5236800312995911
1264,0.4693356156349182
1265,0.5323352217674255
1266,0.5492648482322693
1267,0.4851961135864258
1268,0.4714064598083496
1269,0.46619316935539246
1270,0.5982832908630371
1271,0.528421938419342
1272,0.6011216044425964
1273,0.5116075277328491
1274,0.6313623785972595
1275,0.5104159116744995
1276,0.4843769073486328
1277,0.5900062322616577
1278,0.7205724716186523
1279,0.5131320357322693
1280,0.47558802366256714
1281,0.4598521292209625
1282,0.6374741792678833
1283,0.45057621598243713
1284,0.5011197924613953
1285,0.5648217797279358
1286,0.5919628143310547
1287,0.5830553770065308
1288,0.5113338828086853
1289,0.5016563534736633
1290,0.4634745717048645
1291,0.46163317561149597
1292,0.5176148414611816
1293,0.49904802441596985
1294,0.5407014489173889
1295,0.398485004901886
1296,0.4900514781475067
1297,0.5245224237442017
1298,0.46324023604393005
1299,0.5240448713302612
1300,0.5236850380897522
1301,0.5358947515487671
1302,0.4356994926929474
1303,0.4713912904262543
1304,0.5073680877685547
1305,0.48180219531059265
1306,0.5027167797088623
1307,0.5289252996444702
1308,0.5457994937896729
1309,0.5042888522148132
1310,0.6942240595817566
1311,0.5778847932815552
1312,0.5192961096763611
1313,0.5471096634864807
1314,0.42715689539909363
1315,0.498530775308609
1316,0.5522344708442688
1317,0.5438687205314636
1318,0.46862658858299255
1319,0.5087712407112122
1320,0.51324462890625
1321,0.5048927664756775
1322,0.43746715784072876
1323,0.4600209593772888
1324,0.5832589864730835
1325,0.5240077376365662
1326,0.4933297634124756
1327,0.5495619773864746
1328,0.45401301980018616
1329,0.6242896914482117
1330,0.5374192595481873
1331,0.45980212092399597
1332,0.43250173330307007
1333,0.472073495388031
1334,0.4447716176509857
1335,0.41281309723854065
1336,0.4790566563606262
1337,0.54811692237854
1338,0.49561962485313416
1339,0.4234134554862976
1340,0.43350428342819214
1341,0.49016743898391724
1342,0.3761725425720215
1343,0.48566657304763794
1344,0.47048214077949524
1345,0.3612944483757019
1346,0.34835687279701233
1347,0.45330560207366943
1348,0.529401957988739
1349,0.4988888204097748
1350,0.4372764527797699
1351,0.6244005560874939
1352,0.4751351475715637
1353,0.3536543846130371
1354,0.4558558464050293
1355,0.4500538110733032
1356,0.4674217104911804
1357,0.5103567838668823
1358,0.4355965554714203
1359,0.5380375981330872
1360,0.36772939562797546
1361,0.5182108879089355
1362,0.458116352558136
1363,0.44096678495407104
1364,0.5606628060340881
1365,0.4138316810131073
1366,0.5028760433197021
1367,0.35041543841362
1368,0.4812416434288025
1369,0.5235260128974915
1370,0.48654624819755554
1371,0.4838330149650574
1372,0.535635769367218
1373,0.41109830141067505
1374,0.4460162818431854
1375,0.47575730085372925
1376,0.6059504151344299
1377,0.49602752923965454
1378,0.48000654578208923
1379,0.4349372982978821
1380,0.42445051670074463
1381,0.485302209854126
1382,0.6152133941650391
1383,0.45279496908187866
1384,0.5710634589195251
1385,0.47754549980163574
1386,0.5062854886054993
1387,0.5103563070297241
1388,0.49700596928596497
1389,0.48459118604660034
1390,0.45390915870666504
1391,0.5245789885520935
1392,0.386208713054657
1393,0.384653240442276
1394,0.3945648670196533
1395,0.43636876344680786
1396,0.5047127604484558
1397,0.48114195466041565
1398,0.4426639676094055
1399,0.4348123073577881
1400,0.45940878987312317
1401,0.4487132430076599
1402,0.4541226923465729
1403,0.4110852777957916
1404,0.46930453181266785
1405,0.458836168050766
1406,0.5582013726234436
1407,0.448755145072937
1408,0.4453951120376587
1409,0.4806475043296814
1410,0.4155120253562927
1411,0.4273165762424469
1412,0.5120670795440674
1413,0.4766084551811218
1414,0.3542807102203369
1415,0.46501389145851135
1416,0.3844870924949646
1417,0.5118391513824463
1418,0.4019637107849121
1419,0.4200230538845062
1420,0.5363731384277344
1421,0.5248848795890808
1422,0.3922494053840637
1423,0.41572150588035583
1424,0.47902947664260864
1425,0.42778363823890686
1426,0.5779194831848145
1427,0.45350655913352966
1428,0.42793333530426025
1429,0.3242739737033844
1430,0.42519596219062805
1431,0.35090988874435425
1432,0.43240371346473694
1433,0.4201444685459137
1434,0.48925548791885376
1435,0.5335699915885925
1436,0.46078169345855713
1437,0.44842156767845154
1438,0.40251752734184265
1439,0.4190652370452881
1440,0.5696871876716614
1441,0.5244266390800476
1442,0.49323874711990356
1443,0.4776861369609833
1444,0.45808783173561096
1445,0.48259347677230835
1446,0.28788772225379944
1447,0.3551667332649231
1448,0.4445023834705353
1449,0.47446781396865845
1450,0.426203191280365
1451,0.4773958921432495
1452,0.4336329996585846
1453,0.4734940528869629
1454,0.40198397636413574
1455,0.3582451343536377
1456,0.4196932911872864
1457,0.4200722575187683
1458,0.4853781461715698
1459,0.49444088339805603
1460,0.45349347591400146
1461,0.42541036009788513
1462,0.43590566515922546
1463,0.4117303788661957
1464,0.4774380624294281
1465,0.4598180949687958
1466,0.42033952474594116
1467,0.4586957097053528
1468,0.4226839542388916
1469,0.4945339858531952
1470,0.4082476794719696
1471,0.4770026206970215
1472,0.47703781723976135
1473,0.30725985765457153
1474,0.45937851071357727
1475,0.3980165421962738
1476,0.42218056321144104
1477,0.3763945400714874
1478,0.48377320170402527
1479,0.47791412472724915
1480,0.42692819237709045
1481,0.45722606778144836
1482,0.3414207994937897
1483,0.44828829169273376
1484,0.46714964509010315
1485,0.4176549017429352
1486,0.324716180562973
1487,0.32746535539627075
1488,0.4078076481819153
1489,0.4013546407222748
1490,0.4817295968532562
1491,0.499738484621048
1492,0.4547611474990845
1493,0.4266006648540497
1494,0.3983025848865509
1495,0.3829774558544159
1496,0.36830437183380127
1497,0.4639468491077423
1498,0.45205211639404297
1499,0.43411341309547424
1500,0.48756858706474304
1501,0.39664939045906067
1502,0.42136022448539734
1503,0.37428370118141174
1504,0.4393905997276306
1505,0.4230736494064331
1506,0.4588046371936798
1507,0.41591688990592957
1508,0.44727715849876404
1509,0.44202670454978943
1510,0.42207759618759155
1511,0.43237394094467163
1512,0.4446684420108795
1513,0.3663739562034607
1514,0.36522355675697327
1515,0.46112605929374695
1516,0.45746564865112305
1517,0.4533484876155853
1518,0.44334888458251953
1519,0.4324779212474823
1520,0.30610525608062744
1521,0.40327298641204834
1522,0.42926478385925293
1523,0.44463634490966797
1524,0.41300901770591736
1525,0.4233163297176361
1526,0.3361779451370239
1527,0.4209941327571869
1528,0.425857275724411
1529,0.4057298004627228
1530,0.4018242657184601
1531,0.43010544776916504
1532,0.43543416261672974
1533,0.38351303339004517
1534,0.368213027715683
1535,0.33360952138900757
1536,0.4385782778263092
1537,0.42827147245407104
1538,0.32730501890182495
1539,0.39651358127593994
1540,0.4153560996055603
1541,0.41914162039756775
1542,0.3881648778915405
1543,0.42070329189300537
1544,0.37473249435424805
1545,0.4336214065551758
1546,0.3879987299442291
1547,0.4222584366798401
1548,0.41075071692466736
1549,0.34029048681259155
1550,0.4657772481441498
1551,0.42377203702926636
1552,0.4126650393009186
1553,0.3529968857765198
1554,0.3593671917915344
1555,0.4324919581413269
1556,0.3783135414123535
1557,0.46428126096725464
1558,0.4160977005958557
1559,0.38531196117401123
1560,0.3167535960674286
1561,0.26601675152778625
1562,0.4219519793987274
1563,0.32133492827415466
1564,0.4247822165489197
1565,0.42242318391799927
1566,0.3805014491081238
1567,0.4671216607093811
1568,0.41927477717399597
1569,0.38931071758270264
1570,0.3955203890800476
1571,0.397179514169693
1572,0.4292128086090088
1573,0.2685847580432892
1574,0.42386871576309204
1575,0.3641851842403412
1576,0.4332486093044281
1577,0.4099244475364685
1578,0.37480124831199646
1579,0.42512503266334534
1580,0.42159503698349
1581,0.3378489315509796
1582,0.29081451892852783
1583,0.2993651330471039
1584,0.36042821407318115
1585,0.363953173160553
1586,0.4180503785610199
1587,0.441338449716568
1588,0.4411149024963379
1589,0.4543362855911255
1590,0.4260409474372864
1591,0.3174873888492584
1592,0.37406447529792786
1593,0.33012551069259644
1594,0.46108317375183105
1595,0.3204079568386078
1596,0.4249939024448395
1597,0.3602238595485687
1598,0.37746402621269226
1599,0.31466197967529297
1600,0.4196830093860626
1601,0.43438291549682617
1602,0.28790056705474854
1603,0.40529775619506836
1604,0.418851375579834
1605,0.4620247483253479
1606,0.2921670973300934
1607,0.3642135262489319
1608,0.30385181307792664
1609,0.3082556426525116
1610,0.372149795293808
1611,0.3564247488975525
1612,0.4382975399494171
1613,0.33894678950309753
1614,0.33888328075408936
1615,0.41873764991760254
1616,0.4000469148159027
1617,0.44899290800094604
1618,0.40982645750045776
1619,0.4215174615383148
1620,0.34925052523612976
1621,0.3452972173690796
1622,0.33662763237953186
1623,0.44675004482269287
1624,0.2691190242767334
1625,0.3233044445514679
1626,0.32666388154029846
1627,0.3298700153827667
1628,0.30766794085502625
1629,0.391838401556015
1630,0.33246874809265137
1631,0.3275684118270874
1632,0.40446165204048157
1633,0.3578592538833618
1634,0.3025026321411133
1635,0.27617332339286804
1636,0.35893672704696655
1637,0.4015359878540039
1638,0.3067375123500824
1639,0.3505263924598694
1640,0.32774287462234497
1641,0.42913317680358887
1642,0.3599326014518738
1643,0.4178937077522278
1644,0.35186833143234253
1645,0.295131117105484
1646,0.18400797247886658
1647,0.35796716809272766
1648,0.3458769619464874
1649,0.3878200352191925
1650,0.3273088335990906
1651,0.39654916524887085
1652,0.2878977060317993
1653,0.1560083031654358
1654,0.2559383511543274
1655,0.28669241070747375
1656,0.2835817039012909
1657,0.3510599434375763
1658,0.2713063657283783
1659,0.22978539764881134
1660,0.30859386920928955
1661,0.2944161295890808
1662,0.26240283250808716
1663,0.41046735644340515
1664,0.4219872057437897
1665,0.4111701548099518
1666,0.24997830390930176
1667,0.4035049378871918
1668,0.27140119671821594
1669,0.30006539821624756
1670,0.34551215171813965
1671,0.4182458817958832
1672,0.3688393533229828
1673,0.36793404817581177
1674,0.25719597935676575
1675,0.41816627979278564
1676,0.4595873951911926
1677,0.35926342010498047
1678,0.2661016881465912
1679,0.2947732210159302
1680,0.22663141787052155
1681,0.44162386655807495
1682,0.3533702790737152
1683,0.32279732823371887
1684,0.20853915810585022
1685,0.24022981524467468
1686,0.21847301721572876
1687,0.34508490562438965
1688,0.2892514169216156
1689,0.3420282006263733
1690,0.25318294763565063
1691,0.32777509093284607
1692,0.28664258122444153
1693,0.20498566329479218
1694,0.21937236189842224
1695,0.30938300490379333
1696,0.39371734857559204
1697,0.3529343903064728
1698,0.2341419905424118
1699,0.2838861644268036
1700,0.3074612617492676
1701,0.2893413305282593
1702,0.30537334084510803
1703,0.3792547285556793
1704,0.3034885823726654
1705,0.35112202167510986
1706,0.27840572595596313
1707,0.31798064708709717
1708,0.23968832194805145
1709,0.32089436054229736
1710,0.17730291187763214
1711,0.256904274225235
1712,0.1694774031639099
1713,0.3103218674659729
1714,0.2954922020435333
1715,0.25624895095825195
1716,0.3984396457672119
1717,0.32243621349334717
1718,0.3186047375202179
1719,0.43112292885780334
1720,0.36616235971450806
1721,0.3414662778377533
1722,0.24697425961494446
1723,0.38171297311782837
1724,0.23211592435836792
1725,0.3616902530193329
1726,0.3826358914375305
1727,0.36959409713745117
1728,0.4411286413669586
1729,0.32947543263435364
1730,0.41362956166267395
1731,0.3915238380432129
1732,0.28578367829322815
1733,0.28253260254859924
1734,0.24992188811302185
1735,0.2597595751285553
1736,0.32184508442878723
1737,0.26467883586883545
1738,0.3573318421840668
1739,0.1295330971479416
1740,0.2589515149593353
1741,0.33891430497169495
1742,0.29895731806755066
1743,0.2725505530834198
1744,0.33138036727905273
1745,0.3911638855934143
1746,0.3243543803691864
1747,0.3371378183364868
1748,0.3242102563381195
1749,0.40074223279953003
1750,0.29344817996025085
1751,0.3555944859981537
1752,0.23148113489151
1753,0.2698960602283478
1754,0.25359976291656494
1755,0.3726149797439575
1756,0.25579527020454407
1757,0.324574738740921
1758,0.4295104146003723
1759,0.3018333613872528
1760,0.2787685990333557
1761,0.22210219502449036
1762,0.38903772830963135
1763,0.29841864109039307
1764,0.28241971135139465
1765,0.38510945439338684
1766,0.2954598367214203
1767,0.24553191661834717
1768,0.2732413709163666
1769,0.2034762054681778
1770,0.3907875418663025
1771,0.3876158893108368
1772,0.25322937965393066
1773,0.27603793144226074
1774,0.3301718235015869
1775,0.2759813368320465
1776,0.39333388209342957
1777,0.3350004255771637
1778,0.23918496072292328
1779,0.2658705711364746
1780,0.2287571281194687
1781,0.2829039990901947
1782,0.3834783136844635
1783,0.22540433704853058
1784,0.24652144312858582
1785,0.23360297083854675
1786,0.15628641843795776
1787,0.3369961678981781
1788,0.40917572379112244
1789,0.4311622381210327
1790,0.3391451835632324
1791,0.27692705392837524
1792,0.41818204522132874
1793,0.38182753324508667
1794,0.3105776906013489
1795,0.2086362987756729
1796,0.27074941992759705
1797,0.2498350292444229
1798,0.2547087073326111
1799,0.35662442445755005
1800,0.24543482065200806
1801,0.20089714229106903
